"location";"state";"townsize"
"us";"CA";"g"
"zz";"zz";"z"
"nz";"zz";"i"
"us";"TX";"g"
"nz";"zz";"b"
"us";"NM";"c"
"us";"WA";"d"
"uk";"zz";"a"
"us";"CA";"g"
"us";"CA";"f"
"us";"MO";"b"
"ua";"zz";"g"
"us";"AK";"g"
"us";"NJ";"c"
"uk";"zz";"g"
"us";"TX";"b"
"us";"WI";"a"
"pr";"zz";"h"
"us";"TX";"g"
"us";"PA";"d"
"us";"CA";"e"
"uk";"NS";"e"
"us";"OH";"c"
"au";"zz";"c"
"us";"TX";"d"
"us";"PA";"b"
"us";"AZ";"i"
"us";"TX";"i"
"us";"WA";"a"
"hu";"zz";"i"
"us";"NE";"c"
"us";"WI";"c"
"us";"PA";"c"
"au";"zz";"i"
"us";"AR";"e"
"uk";"zz";"f"
"us";"MN";"f"
"us";"FL";"g"
"us";"MT";"f"
"nl";"zz";"f"
"us";"NY";"d"
"us";"CA";"f"
"us";"KT";"g"
"us";"CA";"e"
"us";"WA";"f"
"ca";"AB";"d"
"us";"PA";"g"
"us";"WA";"b"
"us";"zz";"e"
"au";"zz";"i"
"us";"AK";"b"
"us";"TX";"g"
"us";"KT";"c"
"us";"UT";"d"
"us";"TX";"c"
"ie";"zz";"d"
"us";"IL";"g"
"zz";"zz";"z"
"us";"GA";"i"
"us";"CA";"e"
"us";"CO";"h"
"uk";"zz";"e"
"us";"ID";"f"
"us";"KS";"g"
"au";"zz";"e"
"us";"CA";"b"
"uk";"zz";"e"
"uk";"zz";"b"
"se";"zz";"c"
"nz";"zz";"f"
"sg";"zz";"i"
"us";"MN";"z"
"uk";"zz";"d"
"uk";"zz";"e"
"us";"NH";"c"
"se";"zz";"g"
"uk";"TN";"i"
"uk";"zz";"c"
"nl";"zz";"c"
"my";"zz";"f"
"uk";"zz";"a"
"my";"zz";"b"
"uk";"zz";"c"
"ax";"zz";"b"
"uk";"zz";"f"
"us";"PA";"f"
"us";"IL";"d"
"au";"zz";"b"
"za";"zz";"i"
"uk";"zz";"g"
"us";"CA";"f"
"us";"MI";"f"
"us";"IL";"i"
"us";"TX";"i"
"us";"OH";"d"
"us";"OR";"h"
"us";"PA";"c"
"us";"VA";"d"
"us";"MI";"b"
"ca";"ON";"i"
"uk";"zz";"f"
"us";"NC";"d"
"uk";"zz";"z"
"us";"CO";"e"
"us";"TX";"e"
"au";"zz";"g"
"us";"FL";"g"
"us";"AZ";"g"
"fi";"zz";"e"
"us";"PA";"e"
"uk";"zz";"g"
"ca";"ON";"c"
"us";"FL";"g"
"us";"MI";"f"
"us";"CA";"c"
"us";"VA";"g"
"us";"CA";"e"
"us";"NJ";"d"
"ca";"ON";"g"
"us";"WA";"a"
"us";"FL";"f"
"us";"AZ";"c"
"nl";"zz";"b"
"us";"IL";"z"
"us";"MN";"d"
"us";"CO";"g"
"us";"PA";"a"
"us";"NC";"d"
"us";"CO";"g"
"us";"MI";"d"
"us";"FL";"d"
"us";"MD";"c"
"us";"NM";"a"
"sv";"zz";"b"
"us";"IA";"d"
"us";"NC";"d"
"us";"UT";"i"
"us";"OK";"b"
"uk";"zz";"z"
"us";"GA";"b"
"us";"WA";"a"
"us";"PA";"z"
"us";"OH";"h"
"fr";"zz";"a"
"us";"WI";"c"
"us";"WA";"d"
"uk";"zz";"g"
"au";"zz";"i"
"br";"zz";"i"
"us";"OH";"b"
"uk";"zz";"g"
"us";"IN";"c"
"us";"PA";"g"
"us";"VA";"f"
"us";"OH";"b"
"se";"zz";"i"
"us";"TX";"i"
"uk";"zz";"a"
"zz";"zz";"z"
"us";"CA";"h"
"se";"zz";"i"
"pl";"zz";"h"
"us";"TN";"c"
"us";"MN";"b"
"ca";"ON";"e"
"ca";"ON";"e"
"us";"GA";"d"
"au";"zz";"i"
"zz";"zz";"d"
"us";"GA";"b"
"us";"OR";"d"
"us";"TN";"c"
"us";"NY";"b"
"us";"MT";"b"
"us";"FL";"g"
"us";"MN";"f"
"us";"TX";"g"
"ca";"AB";"d"
"us";"NJ";"c"
"us";"IL";"d"
"sg";"zz";"i"
"us";"AZ";"i"
"br";"zz";"h"
"us";"CA";"b"
"us";"ME";"h"
"us";"FL";"g"
"ca";"AB";"h"
"us";"IA";"e"
"uk";"zz";"c"
"xx";"zz";"e"
"se";"zz";"g"
"mx";"zz";"i"
"us";"WI";"h"
"us";"IL";"b"
"us";"VA";"g"
"us";"CA";"e"
"zz";"zz";"z"
"us";"TX";"f"
"us";"CA";"d"
"us";"MD";"g"
"zz";"zz";"z"
"uk";"zz";"d"
"se";"zz";"d"
"au";"zz";"a"
"us";"PA";"a"
"us";"CO";"c"
"us";"ME";"c"
"us";"IL";"i"
"us";"CA";"i"
"us";"WI";"c"
"uk";"zz";"d"
"us";"MO";"b"
"us";"FL";"g"
"us";"FL";"g"
"us";"LA";"b"
"uk";"zz";"e"
"br";"zz";"g"
"us";"NY";"b"
"au";"zz";"i"
"us";"TX";"b"
"us";"FL";"d"
"fr";"zz";"e"
"us";"CA";"e"
"au";"zz";"a"
"us";"zz";"i"
"us";"VA";"d"
"au";"zz";"i"
"us";"MI";"d"
"de";"zz";"d"
"de";"zz";"d"
"us";"NY";"a"
"us";"VA";"f"
"us";"CA";"h"
"us";"CA";"i"
"us";"IL";"b"
"us";"NJ";"h"
"ru";"zz";"i"
"pa";"zz";"d"
"uk";"zz";"z"
"be";"zz";"g"
"uk";"zz";"g"
"us";"zz";"z"
"us";"OH";"e"
"us";"MD";"a"
"ca";"zz";"i"
"ca";"NL";"b"
"us";"MT";"f"
"us";"MI";"h"
"us";"WA";"e"
"us";"PA";"g"
"us";"FL";"g"
"uk";"zz";"b"
"us";"OR";"c"
"us";"CA";"z"
"us";"CA";"g"
"us";"WA";"b"
"us";"OR";"b"
"us";"NC";"a"
"ca";"ON";"e"
"us";"GA";"f"
"us";"DE";"b"
"us";"VA";"g"
"za";"zz";"g"
"us";"WA";"f"
"uk";"zz";"e"
"zz";"zz";"f"
"ve";"zz";"h"
"us";"KS";"z"
"us";"GA";"z"
"us";"WV";"c"
"zz";"zz";"z"
"us";"MI";"b"
"us";"KS";"c"
"mh";"zz";"a"
"us";"CA";"f"
"us";"KS";"g"
"us";"HI";"b"
"ca";"NB";"c"
"us";"OR";"b"
"us";"CA";"h"
"us";"OR";"c"
"ca";"ON";"i"
"us";"OK";"a"
"us";"MI";"b"
"us";"UT";"h"
"us";"PA";"b"
"us";"ND";"f"
"us";"OR";"e"
"us";"NY";"d"
"se";"zz";"g"
"ph";"MA";"g"
"fi";"zz";"d"
"us";"VA";"f"
"es";"zz";"g"
"us";"IL";"e"
"us";"zz";"b"
"us";"OH";"b"
"us";"IL";"g"
"us";"PA";"b"
"us";"NE";"c"
"us";"OR";"b"
"us";"PA";"c"
"us";"IL";"g"
"us";"CA";"h"
"us";"OR";"c"
"us";"MA";"f"
"uk";"zz";"g"
"se";"zz";"e"
"hu";"zz";"g"
"us";"VA";"z"
"mx";"zz";"a"
"nl";"zz";"b"
"us";"NV";"g"
"us";"AZ";"i"
"us";"CO";"d"
"us";"OK";"e"
"us";"CA";"d"
"us";"WA";"d"
"uk";"zz";"i"
"us";"OR";"h"
"us";"NY";"d"
"no";"zz";"e"
"us";"MA";"b"
"us";"KT";"a"
"au";"zz";"b"
"us";"ME";"f"
"us";"IL";"e"
"bo";"zz";"d"
"mx";"zz";"f"
"us";"MI";"b"
"us";"FL";"z"
"ca";"ON";"i"
"us";"CA";"g"
"us";"NH";"d"
"us";"CA";"g"
"us";"FL";"e"
"us";"WI";"f"
"us";"MI";"h"
"us";"TN";"i"
"us";"CA";"z"
"ca";"AB";"g"
"us";"CO";"g"
"us";"NM";"f"
"mx";"zz";"d"
"us";"NY";"e"
"us";"PA";"d"
"us";"MA";"c"
"se";"zz";"f"
"us";"NE";"a"
"ca";"NB";"b"
"us";"WA";"c"
"us";"OR";"d"
"uk";"zz";"g"
"uk";"zz";"d"
"us";"MD";"a"
"us";"NY";"b"
"us";"CO";"g"
"us";"zz";"a"
"ca";"AB";"z"
"de";"zz";"c"
"us";"TX";"i"
"cl";"zz";"i"
"us";"PA";"c"
"us";"MA";"h"
"us";"CA";"c"
"au";"zz";"a"
"us";"FL";"f"
"us";"OR";"z"
"us";"CA";"e"
"us";"NY";"e"
"us";"IN";"f"
"zz";"zz";"z"
"us";"VA";"c"
"us";"IN";"b"
"uk";"zz";"d"
"us";"NY";"d"
"us";"CO";"d"
"us";"CA";"e"
"us";"NY";"f"
"us";"VA";"h"
"us";"CO";"c"
"us";"CA";"d"
"de";"zz";"g"
"us";"IL";"c"
"us";"NY";"b"
"us";"MI";"f"
"us";"ME";"b"
"ca";"BC";"h"
"ca";"QC";"g"
"ca";"QC";"e"
"zz";"zz";"z"
"us";"AL";"a"
"ca";"QC";"g"
"us";"OH";"d"
"us";"OR";"f"
"us";"FL";"g"
"us";"FL";"d"
"us";"TX";"c"
"us";"MT";"g"
"uk";"zz";"h"
"ca";"QC";"b"
"us";"CT";"f"
"us";"LA";"b"
"us";"MN";"b"
"us";"KS";"e"
"us";"OH";"c"
"us";"CA";"c"
"us";"MI";"d"
"ca";"ON";"f"
"us";"IL";"i"
"us";"KS";"i"
"us";"FL";"g"
"ca";"ON";"b"
"us";"AZ";"e"
"ca";"MB";"f"
"us";"MA";"c"
"us";"AL";"b"
"us";"CO";"e"
"pr";"zz";"b"
"us";"GA";"h"
"us";"WI";"h"
"us";"CA";"f"
"zz";"zz";"i"
"bo";"zz";"z"
"zz";"zz";"b"
"ca";"NS";"c"
"us";"NJ";"e"
"us";"DE";"c"
"us";"CT";"d"
"us";"GA";"a"
"us";"ID";"b"
"us";"MO";"b"
"ca";"QC";"b"
"us";"WA";"f"
"us";"TX";"f"
"us";"LA";"g"
"us";"MA";"c"
"us";"WA";"h"
"br";"zz";"g"
"us";"KS";"g"
"us";"MI";"f"
"us";"zz";"z"
"au";"zz";"i"
"us";"CA";"g"
"fi";"zz";"b"
"au";"zz";"e"
"ar";"zz";"e"
"mx";"zz";"i"
"us";"FL";"f"
"us";"CA";"e"
"us";"NY";"g"
"uk";"zz";"h"
"us";"IN";"c"
"us";"PA";"i"
"us";"MI";"z"
"us";"NJ";"f"
"nz";"zz";"b"
"cl";"zz";"d"
"us";"TX";"d"
"us";"IL";"a"
"us";"GA";"e"
"us";"MI";"d"
"br";"zz";"c"
"us";"PA";"d"
"us";"PA";"e"
"uk";"zz";"f"
"de";"zz";"e"
"se";"zz";"i"
"se";"zz";"b"
"se";"zz";"f"
"us";"CA";"g"
"se";"zz";"b"
"se";"zz";"f"
"us";"PA";"c"
"uk";"zz";"g"
"us";"CA";"f"
"se";"zz";"b"
"se";"zz";"c"
"uk";"zz";"d"
"se";"zz";"b"
"us";"WA";"e"
"ca";"AB";"i"
"us";"CA";"g"
"us";"OK";"g"
"ca";"AB";"i"
"us";"PA";"i"
"us";"SD";"b"
"us";"WA";"h"
"se";"zz";"b"
"us";"CA";"d"
"us";"NM";"d"
"se";"zz";"c"
"us";"IL";"i"
"us";"CA";"g"
"ca";"BC";"d"
"us";"SC";"e"
"uk";"zz";"g"
"us";"WA";"i"
"us";"ID";"b"
"ca";"ON";"g"
"se";"zz";"f"
"us";"GA";"f"
"us";"CA";"h"
"us";"WA";"e"
"br";"zz";"i"
"us";"OH";"e"
"us";"CA";"d"
"us";"CA";"h"
"us";"CA";"h"
"us";"CA";"e"
"us";"CA";"i"
"us";"CA";"i"
"us";"CA";"e"
"au";"zz";"i"
"us";"CA";"f"
"us";"CO";"g"
"br";"zz";"c"
"us";"RI";"f"
"us";"NJ";"f"
"us";"SC";"g"
"us";"CA";"h"
"us";"MI";"f"
"se";"zz";"g"
"us";"NH";"e"
"au";"zz";"i"
"us";"CA";"e"
"us";"OH";"e"
"us";"CA";"e"
"au";"zz";"i"
"us";"OH";"e"
"us";"OK";"i"
"us";"CA";"e"
"us";"CA";"g"
"us";"AL";"e"
"us";"NC";"e"
"uk";"zz";"g"
"us";"WA";"g"
"us";"GA";"f"
"us";"ND";"e"
"us";"OH";"d"
"us";"WI";"e"
"uk";"zz";"c"
"us";"CA";"g"
"ar";"zz";"g"
"uk";"zz";"a"
"us";"CO";"e"
"uk";"zz";"e"
"au";"zz";"z"
"au";"zz";"e"
"us";"NC";"d"
"au";"zz";"i"
"au";"zz";"i"
"us";"CA";"g"
"us";"WA";"e"
"us";"zz";"z"
"ca";"ON";"d"
"us";"WI";"h"
"us";"TX";"d"
"us";"CA";"i"
"us";"WA";"g"
"us";"WA";"e"
"uk";"zz";"i"
"br";"zz";"b"
"ca";"QC";"i"
"us";"CA";"e"
"us";"CA";"c"
"ca";"QC";"i"
"us";"WA";"g"
"ca";"QC";"i"
"au";"zz";"i"
"fr";"zz";"b"
"us";"CA";"d"
"ca";"BC";"i"
"ua";"PE";"i"
"us";"OR";"h"
"us";"NC";"b"
"us";"MD";"a"
"us";"WA";"e"
"ca";"ON";"e"
"us";"MI";"a"
"us";"WA";"i"
"fr";"zz";"a"
"ca";"BC";"f"
"us";"WA";"c"
"ca";"MB";"h"
"us";"WA";"g"
"us";"CT";"a"
"us";"CA";"e"
"uk";"WI";"c"
"us";"TX";"g"
"ca";"MB";"h"
"us";"IA";"a"
"au";"zz";"i"
"ca";"QC";"g"
"ca";"BC";"e"
"us";"CA";"c"
"us";"CA";"i"
"au";"zz";"e"
"ca";"ON";"i"
"us";"VT";"b"
"us";"IL";"d"
"uk";"zz";"e"
"ca";"QC";"i"
"ca";"ON";"h"
"se";"zz";"z"
"ca";"QC";"i"
"us";"CA";"g"
"us";"MN";"e"
"mx";"zz";"i"
"nl";"zz";"e"
"us";"CO";"f"
"us";"CA";"f"
"se";"zz";"e"
"us";"FL";"b"
"us";"CA";"i"
"us";"FL";"e"
"us";"AR";"f"
"us";"WA";"d"
"us";"NY";"b"
"de";"zz";"f"
"us";"PA";"d"
"se";"zz";"c"
"us";"NY";"a"
"us";"GA";"e"
"se";"zz";"a"
"ca";"QC";"e"
"us";"NY";"d"
"ca";"QC";"b"
"ca";"QC";"g"
"us";"CO";"z"
"be";"zz";"c"
"us";"CA";"e"
"us";"PA";"b"
"ca";"zz";"g"
"us";"FL";"g"
"us";"OK";"g"
"us";"CA";"i"
"um";"AR";"b"
"us";"CO";"e"
"au";"zz";"d"
"us";"WA";"i"
"ca";"ON";"g"
"ca";"BC";"g"
"de";"zz";"h"
"us";"CA";"e"
"us";"CA";"i"
"uk";"zz";"g"
"us";"CA";"i"
"us";"PA";"f"
"us";"OR";"f"
"us";"PA";"i"
"us";"TX";"c"
"us";"OR";"b"
"us";"IN";"c"
"us";"TX";"f"
"us";"TX";"f"
"us";"UT";"e"
"nl";"zz";"d"
"se";"zz";"b"
"us";"IL";"i"
"fi";"zz";"h"
"uk";"zz";"i"
"uk";"zz";"g"
"us";"NC";"b"
"us";"IL";"a"
"uk";"zz";"b"
"de";"zz";"g"
"au";"zz";"i"
"us";"VT";"a"
"us";"IN";"z"
"au";"zz";"d"
"uk";"zz";"h"
"us";"PA";"d"
"au";"zz";"i"
"us";"VT";"b"
"uk";"zz";"i"
"au";"zz";"d"
"de";"zz";"i"
"au";"zz";"i"
"us";"FL";"e"
"us";"IL";"e"
"us";"NH";"f"
"au";"zz";"i"
"us";"IN";"e"
"au";"zz";"g"
"au";"zz";"i"
"us";"NY";"e"
"au";"zz";"i"
"us";"NC";"e"
"au";"zz";"i"
"us";"NH";"g"
"uk";"zz";"e"
"us";"SC";"b"
"us";"AR";"f"
"us";"IN";"i"
"uk";"zz";"f"
"us";"IN";"h"
"us";"IL";"f"
"au";"zz";"d"
"us";"CA";"g"
"au";"zz";"i"
"us";"TX";"g"
"pe";"zz";"i"
"us";"AL";"a"
"us";"CA";"g"
"au";"zz";"g"
"au";"zz";"i"
"us";"AZ";"d"
"us";"TX";"f"
"us";"CO";"d"
"uk";"zz";"h"
"us";"MI";"h"
"uk";"zz";"f"
"us";"NV";"i"
"uk";"zz";"d"
"au";"zz";"c"
"ca";"MB";"d"
"de";"zz";"b"
"au";"zz";"b"
"uk";"zz";"c"
"us";"CA";"f"
"us";"FL";"i"
"au";"zz";"i"
"us";"OH";"g"
"us";"NY";"b"
"us";"CA";"g"
"us";"CA";"h"
"us";"IL";"b"
"us";"WA";"h"
"us";"NY";"i"
"us";"FL";"i"
"us";"GA";"g"
"us";"CA";"h"
"nz";"zz";"d"
"us";"TN";"d"
"us";"NH";"b"
"us";"KT";"f"
"us";"UT";"g"
"uk";"zz";"e"
"ca";"AB";"i"
"se";"zz";"a"
"us";"CT";"c"
"ca";"BC";"i"
"de";"zz";"a"
"de";"zz";"i"
"us";"CT";"c"
"us";"MS";"f"
"us";"zz";"d"
"us";"AZ";"i"
"ca";"ON";"d"
"us";"IL";"e"
"us";"WI";"h"
"us";"FL";"d"
"us";"NJ";"c"
"uk";"zz";"i"
"us";"NE";"a"
"uk";"zz";"f"
"us";"OH";"g"
"us";"AL";"b"
"us";"CO";"h"
"us";"SC";"f"
"us";"NE";"h"
"us";"OH";"h"
"us";"TX";"e"
"at";"zz";"i"
"us";"IL";"e"
"ca";"ON";"g"
"us";"OR";"i"
"us";"PA";"c"
"uk";"zz";"i"
"us";"PA";"i"
"us";"NM";"h"
"us";"AZ";"g"
"us";"IL";"i"
"zz";"zz";"z"
"uk";"zz";"e"
"us";"OR";"g"
"cz";"zz";"d"
"us";"VA";"d"
"us";"NY";"i"
"us";"IL";"c"
"us";"CO";"g"
"us";"CA";"d"
"us";"NY";"c"
"fr";"zz";"g"
"be";"zz";"i"
"us";"LA";"f"
"fr";"zz";"e"
"us";"OH";"h"
"fr";"zz";"h"
"fr";"zz";"b"
"us";"CA";"i"
"fr";"zz";"a"
"us";"zz";"f"
"us";"MO";"d"
"us";"WA";"g"
"us";"TX";"f"
"us";"NM";"h"
"de";"zz";"e"
"fr";"zz";"d"
"us";"UT";"f"
"us";"NJ";"a"
"se";"zz";"b"
"us";"OR";"h"
"us";"TX";"i"
"us";"CA";"g"
"ca";"AB";"i"
"us";"SC";"g"
"us";"VT";"f"
"us";"VA";"c"
"us";"CA";"d"
"us";"CO";"h"
"us";"NY";"i"
"us";"PA";"g"
"us";"NH";"b"
"us";"CA";"e"
"ca";"AB";"b"
"us";"MA";"f"
"us";"TX";"i"
"us";"IL";"i"
"ca";"ON";"g"
"us";"FL";"c"
"zz";"OR";"e"
"us";"OH";"f"
"ca";"zz";"i"
"fr";"zz";"f"
"uk";"zz";"d"
"ca";"MB";"h"
"us";"WA";"g"
"us";"NY";"c"
"au";"zz";"c"
"us";"IN";"e"
"us";"CA";"f"
"us";"CA";"g"
"ca";"BC";"i"
"de";"zz";"i"
"us";"CA";"g"
"us";"CT";"d"
"de";"zz";"i"
"us";"CT";"e"
"us";"MA";"c"
"us";"NC";"g"
"us";"zz";"g"
"zz";"zz";"z"
"us";"MA";"b"
"us";"VA";"z"
"us";"CO";"e"
"ca";"NB";"f"
"us";"MA";"f"
"us";"OH";"g"
"us";"PA";"b"
"us";"UT";"c"
"us";"CT";"c"
"us";"FL";"i"
"us";"OH";"c"
"us";"WA";"g"
"us";"AL";"i"
"us";"CA";"e"
"us";"FL";"c"
"us";"MD";"g"
"us";"MI";"g"
"us";"CA";"i"
"au";"zz";"f"
"us";"RI";"c"
"us";"MN";"d"
"us";"FL";"c"
"us";"TX";"i"
"us";"SC";"g"
"us";"CA";"i"
"us";"IL";"z"
"us";"NY";"g"
"us";"CA";"e"
"us";"TX";"d"
"us";"PA";"c"
"us";"CA";"b"
"us";"MI";"f"
"ca";"ON";"f"
"us";"AZ";"i"
"us";"IL";"g"
"us";"WA";"a"
"us";"MD";"i"
"us";"NM";"e"
"au";"zz";"e"
"us";"MI";"h"
"us";"WA";"e"
"us";"TX";"b"
"us";"MD";"h"
"us";"VA";"e"
"br";"zz";"i"
"us";"FL";"f"
"us";"GA";"d"
"us";"VA";"b"
"us";"CT";"f"
"us";"FL";"i"
"us";"IL";"f"
"us";"MN";"g"
"us";"TN";"e"
"us";"OH";"e"
"us";"CA";"d"
"us";"WI";"f"
"us";"IL";"b"
"us";"MI";"e"
"au";"zz";"i"
"us";"VA";"f"
"us";"FL";"h"
"us";"MO";"g"
"us";"SC";"b"
"us";"IL";"f"
"us";"WA";"f"
"us";"CA";"g"
"ca";"QC";"i"
"us";"VA";"f"
"us";"IN";"d"
"us";"VA";"i"
"us";"IL";"e"
"br";"zz";"i"
"ca";"zz";"d"
"us";"CA";"g"
"uk";"zz";"i"
"us";"MD";"d"
"us";"CA";"i"
"us";"OH";"i"
"us";"PA";"c"
"us";"WI";"d"
"us";"WA";"g"
"us";"CA";"i"
"us";"WI";"b"
"us";"WA";"i"
"us";"NY";"z"
"us";"MI";"f"
"us";"FL";"h"
"us";"CA";"c"
"us";"PA";"g"
"us";"MN";"f"
"us";"MN";"f"
"us";"FL";"i"
"us";"WA";"e"
"au";"zz";"i"
"us";"MN";"i"
"ca";"ON";"g"
"us";"NY";"c"
"us";"CA";"h"
"mg";"zz";"i"
"no";"zz";"d"
"us";"FL";"d"
"us";"CA";"h"
"us";"CA";"i"
"uk";"zz";"d"
"dk";"zz";"a"
"us";"CA";"b"
"au";"zz";"i"
"us";"MI";"d"
"us";"IL";"e"
"ca";"AB";"f"
"us";"WA";"i"
"us";"CA";"f"
"us";"NJ";"d"
"fr";"zz";"f"
"nz";"zz";"g"
"us";"CA";"f"
"us";"TX";"i"
"us";"PA";"g"
"us";"CA";"g"
"us";"NV";"i"
"us";"NM";"g"
"us";"IL";"e"
"us";"WA";"e"
"us";"MN";"c"
"fr";"zz";"f"
"us";"CA";"c"
"us";"WA";"a"
"us";"TX";"g"
"us";"TX";"i"
"au";"zz";"h"
"us";"TX";"i"
"mn";"MN";"f"
"uk";"zz";"d"
"us";"CA";"e"
"ca";"ON";"i"
"us";"WA";"b"
"au";"zz";"i"
"us";"IL";"b"
"us";"CA";"d"
"fr";"zz";"g"
"us";"NC";"g"
"au";"zz";"b"
"us";"KT";"c"
"us";"FL";"e"
"us";"AL";"b"
"us";"NM";"h"
"za";"zz";"i"
"us";"MA";"e"
"us";"GA";"f"
"us";"MA";"h"
"us";"AR";"b"
"us";"MI";"c"
"us";"NE";"h"
"us";"NJ";"e"
"us";"WA";"e"
"us";"FL";"z"
"us";"TN";"d"
"us";"FL";"f"
"us";"FL";"b"
"us";"MI";"b"
"uk";"zz";"c"
"us";"CA";"g"
"us";"MT";"c"
"us";"MI";"f"
"us";"PA";"i"
"us";"MO";"c"
"us";"CO";"e"
"us";"MO";"e"
"uk";"zz";"f"
"ca";"BC";"i"
"us";"CA";"d"
"us";"CO";"h"
"us";"MO";"a"
"us";"FL";"i"
"us";"AZ";"i"
"us";"AZ";"b"
"us";"TX";"i"
"us";"OH";"g"
"us";"TX";"f"
"us";"CO";"i"
"us";"AR";"f"
"us";"VA";"h"
"us";"FL";"b"
"us";"NV";"i"
"ca";"ON";"g"
"us";"OH";"i"
"us";"CA";"z"
"us";"WA";"h"
"fr";"zz";"b"
"us";"FL";"g"
"us";"MI";"e"
"de";"zz";"e"
"ca";"NL";"g"
"us";"FL";"f"
"us";"CA";"h"
"ch";"zz";"g"
"us";"NH";"b"
"us";"AK";"e"
"us";"WI";"h"
"fr";"zz";"e"
"us";"FL";"d"
"fr";"zz";"d"
"us";"MI";"f"
"mx";"zz";"i"
"us";"IL";"i"
"de";"zz";"e"
"us";"MI";"c"
"us";"CA";"f"
"us";"NC";"f"
"us";"CA";"b"
"us";"CA";"h"
"be";"zz";"h"
"uk";"zz";"e"
"us";"IN";"e"
"fr";"zz";"c"
"fr";"zz";"h"
"us";"WA";"g"
"be";"zz";"z"
"us";"GA";"b"
"us";"AZ";"i"
"us";"WA";"f"
"fr";"zz";"c"
"us";"WA";"h"
"us";"PA";"c"
"us";"WI";"g"
"uk";"zz";"c"
"us";"AZ";"c"
"ca";"ON";"i"
"us";"NY";"i"
"us";"MI";"f"
"us";"WA";"b"
"us";"ME";"d"
"ca";"AB";"b"
"us";"FL";"i"
"fr";"zz";"c"
"uk";"zz";"c"
"us";"MD";"b"
"us";"MI";"d"
"us";"NC";"e"
"us";"WA";"z"
"fr";"zz";"h"
"us";"OR";"g"
"us";"SD";"d"
"ca";"ON";"g"
"us";"KT";"g"
"us";"CO";"g"
"us";"TX";"e"
"us";"TX";"b"
"us";"OH";"b"
"us";"OR";"c"
"us";"GA";"d"
"us";"CA";"g"
"us";"MA";"h"
"us";"TX";"i"
"us";"IL";"b"
"us";"CA";"h"
"us";"NM";"h"
"us";"WA";"e"
"us";"TX";"d"
"us";"CA";"g"
"us";"GA";"c"
"us";"AL";"e"
"ca";"SK";"b"
"ca";"ON";"e"
"uk";"zz";"b"
"us";"IL";"b"
"us";"CA";"g"
"us";"CA";"f"
"us";"CO";"g"
"us";"MN";"g"
"de";"zz";"i"
"us";"PA";"b"
"sg";"zz";"z"
"us";"WA";"e"
"br";"zz";"z"
"uk";"zz";"c"
"us";"TX";"c"
"us";"CA";"b"
"us";"AR";"g"
"us";"CA";"g"
"us";"OH";"h"
"us";"MO";"f"
"uk";"zz";"c"
"de";"zz";"g"
"us";"IL";"i"
"us";"MN";"b"
"uk";"zz";"b"
"pl";"zz";"i"
"us";"MO";"h"
"pl";"zz";"e"
"us";"CA";"d"
"us";"CA";"i"
"us";"UT";"h"
"us";"CA";"f"
"uk";"zz";"i"
"ca";"ON";"i"
"us";"MA";"e"
"uk";"zz";"e"
"ca";"ON";"a"
"dk";"zz";"b"
"us";"OR";"e"
"us";"OH";"g"
"uk";"zz";"b"
"ca";"BC";"g"
"us";"FL";"i"
"us";"PA";"c"
"ca";"ON";"i"
"us";"AK";"b"
"us";"NJ";"c"
"ca";"ON";"i"
"ca";"ON";"f"
"us";"CA";"h"
"us";"RI";"b"
"ca";"ON";"i"
"us";"WA";"a"
"ca";"ON";"g"
"us";"TX";"i"
"mx";"zz";"i"
"se";"zz";"b"
"us";"MN";"f"
"nl";"zz";"g"
"uk";"zz";"d"
"us";"WA";"c"
"us";"AL";"f"
"us";"CA";"b"
"us";"OH";"f"
"us";"TX";"i"
"us";"VA";"i"
"us";"OK";"f"
"uk";"zz";"h"
"us";"OK";"f"
"us";"TN";"g"
"us";"FL";"i"
"sg";"zz";"b"
"us";"TN";"g"
"ca";"BC";"d"
"ca";"ON";"h"
"us";"FL";"d"
"us";"FL";"i"
"us";"PA";"a"
"us";"WA";"f"
"us";"WA";"e"
"zz";"zz";"b"
"us";"OH";"e"
"ca";"ON";"i"
"us";"CA";"f"
"us";"WA";"z"
"us";"AL";"e"
"fr";"zz";"a"
"us";"LA";"d"
"us";"CA";"f"
"us";"WI";"g"
"us";"MN";"c"
"us";"WI";"e"
"us";"CA";"d"
"us";"NJ";"i"
"us";"GA";"g"
"us";"CO";"d"
"us";"WA";"e"
"us";"CA";"d"
"us";"SC";"c"
"ca";"AB";"f"
"us";"NY";"i"
"us";"TX";"b"
"us";"WI";"d"
"us";"IL";"i"
"us";"GA";"d"
"us";"OR";"h"
"us";"CA";"c"
"us";"IL";"d"
"uk";"zz";"g"
"us";"CA";"g"
"us";"VT";"a"
"us";"MN";"a"
"us";"PA";"c"
"us";"SC";"c"
"us";"NM";"e"
"us";"PA";"b"
"us";"OR";"b"
"us";"CO";"g"
"us";"NY";"e"
"us";"zz";"z"
"us";"TX";"h"
"zz";"zz";"z"
"us";"WA";"z"
"us";"IA";"e"
"de";"zz";"g"
"us";"OH";"c"
"ca";"ON";"g"
"fr";"zz";"e"
"us";"NC";"g"
"us";"CA";"g"
"nl";"zz";"c"
"us";"KT";"d"
"us";"NJ";"a"
"us";"NC";"c"
"us";"CA";"g"
"us";"MA";"b"
"us";"MI";"b"
"uk";"zz";"f"
"us";"IN";"e"
"ru";"zz";"i"
"us";"MI";"d"
"us";"MI";"d"
"us";"GA";"g"
"us";"NC";"e"
"us";"PA";"f"
"us";"AZ";"g"
"au";"zz";"i"
"us";"OH";"f"
"us";"MO";"f"
"us";"CO";"b"
"us";"IL";"h"
"us";"NC";"b"
"us";"WA";"e"
"us";"TX";"c"
"us";"WA";"i"
"us";"UT";"g"
"us";"PA";"d"
"us";"CA";"f"
"us";"PA";"d"
"us";"WA";"b"
"us";"GA";"c"
"uk";"zz";"i"
"us";"NM";"h"
"us";"zz";"e"
"us";"NY";"b"
"us";"UT";"f"
"us";"PA";"d"
"us";"NY";"d"
"us";"CA";"e"
"ca";"ON";"d"
"se";"zz";"i"
"sg";"zz";"i"
"au";"zz";"i"
"au";"zz";"c"
"uk";"zz";"i"
"uk";"zz";"i"
"us";"IL";"e"
"uk";"zz";"e"
"us";"MS";"b"
"es";"zz";"g"
"us";"CO";"e"
"us";"PA";"c"
"uk";"zz";"e"
"au";"zz";"a"
"us";"CT";"d"
"us";"OR";"z"
"us";"TN";"z"
"us";"IL";"e"
"us";"TX";"c"
"us";"CA";"f"
"uk";"zz";"e"
"fi";"zz";"b"
"nz";"zz";"f"
"fr";"zz";"g"
"us";"AZ";"g"
"fr";"zz";"i"
"uk";"zz";"g"
"us";"NM";"f"
"uk";"zz";"e"
"us";"KS";"a"
"us";"WA";"e"
"ar";"zz";"i"
"us";"KS";"g"
"uk";"zz";"i"
"fi";"zz";"c"
"us";"TX";"h"
"br";"zz";"i"
"gi";"zz";"b"
"us";"CO";"h"
"us";"KS";"e"
"uk";"zz";"b"
"us";"MO";"b"
"us";"PA";"f"
"us";"CO";"a"
"uk";"zz";"b"
"ca";"BC";"i"
"us";"IN";"c"
"us";"ID";"f"
"se";"zz";"e"
"us";"CA";"c"
"ca";"CA";"f"
"us";"IN";"c"
"uk";"zz";"g"
"se";"zz";"e"
"au";"zz";"i"
"uk";"zz";"b"
"us";"MI";"e"
"us";"CA";"h"
"au";"zz";"i"
"nl";"zz";"d"
"tg";"zz";"i"
"zz";"zz";"z"
"us";"NY";"d"
"ru";"zz";"g"
"us";"FL";"i"
"us";"zz";"b"
"us";"NV";"e"
"us";"CA";"g"
"us";"zz";"a"
"au";"zz";"i"
"us";"VA";"e"
"es";"zz";"c"
"us";"CO";"d"
"uk";"zz";"g"
"us";"MA";"i"
"us";"IN";"f"
"us";"PA";"e"
"us";"IN";"c"
"us";"WA";"g"
"us";"CA";"g"
"us";"AZ";"h"
"ca";"ON";"i"
"us";"FL";"a"
"us";"WA";"e"
"us";"CA";"g"
"us";"CA";"b"
"us";"WA";"i"
"us";"NJ";"b"
"us";"CO";"e"
"de";"zz";"e"
"se";"zz";"d"
"us";"CA";"e"
"us";"WA";"b"
"nz";"zz";"i"
"ro";"zz";"d"
"us";"VA";"e"
"us";"NH";"f"
"us";"PA";"c"
"se";"zz";"d"
"ca";"NS";"d"
"nl";"zz";"c"
"us";"WI";"b"
"us";"IN";"d"
"us";"IN";"e"
"zz";"zz";"z"
"ca";"AB";"b"
"us";"TX";"b"
"uk";"zz";"c"
"us";"CA";"c"
"us";"NE";"a"
"us";"IN";"b"
"ca";"ON";"f"
"us";"FL";"b"
"us";"NE";"d"
"us";"AR";"b"
"us";"zz";"g"
"us";"NC";"b"
"uk";"zz";"f"
"us";"zz";"g"
"us";"zz";"g"
"pl";"zz";"h"
"cz";"zz";"f"
"us";"WA";"e"
"us";"MN";"i"
"us";"IA";"a"
"us";"MA";"d"
"se";"zz";"b"
"uk";"zz";"d"
"us";"LA";"g"
"us";"zz";"a"
"au";"zz";"f"
"us";"OH";"e"
"cz";"zz";"i"
"us";"AL";"b"
"uk";"zz";"d"
"us";"CA";"a"
"us";"PA";"c"
"ca";"ON";"e"
"us";"CT";"e"
"ca";"QC";"i"
"us";"LA";"b"
"us";"NY";"b"
"us";"FL";"c"
"us";"IL";"f"
"us";"MO";"z"
"us";"MI";"f"
"nl";"zz";"f"
"uk";"zz";"f"
"uk";"zz";"z"
"uk";"zz";"e"
"ca";"NS";"c"
"se";"zz";"i"
"pl";"zz";"i"
"uk";"zz";"a"
"dk";"zz";"a"
"us";"GA";"c"
"uk";"zz";"z"
"us";"TX";"b"
"us";"PA";"c"
"us";"AZ";"c"
"uk";"OH";"d"
"cl";"zz";"i"
"us";"TN";"e"
"us";"CO";"c"
"ca";"ON";"g"
"us";"CO";"f"
"uk";"zz";"b"
"us";"TN";"e"
"no";"zz";"c"
"uk";"zz";"c"
"us";"TX";"h"
"us";"CA";"i"
"au";"zz";"c"
"mx";"zz";"i"
"us";"OH";"g"
"us";"PA";"c"
"us";"IA";"a"
"ca";"SK";"e"
"pr";"zz";"b"
"cl";"zz";"d"
"us";"CA";"h"
"us";"VA";"g"
"us";"KS";"a"
"us";"SC";"e"
"us";"CA";"g"
"us";"FL";"d"
"us";"GA";"c"
"us";"VA";"a"
"ca";"ON";"f"
"pt";"zz";"f"
"us";"MI";"c"
"us";"MI";"b"
"us";"zz";"z"
"ca";"QC";"a"
"uk";"zz";"b"
"us";"CA";"f"
"ca";"QC";"a"
"us";"TN";"c"
"us";"LA";"e"
"us";"NY";"d"
"us";"MO";"d"
"us";"zz";"i"
"us";"FL";"i"
"us";"IN";"b"
"us";"TN";"d"
"us";"TX";"c"
"us";"TX";"i"
"us";"WI";"a"
"us";"OK";"h"
"us";"FL";"f"
"us";"OR";"g"
"zz";"zz";"z"
"us";"CA";"z"
"ca";"ON";"e"
"us";"WA";"h"
"us";"WI";"e"
"zz";"zz";"z"
"us";"CA";"e"
"us";"OR";"d"
"us";"CA";"g"
"us";"LA";"d"
"us";"CA";"z"
"au";"zz";"d"
"us";"MN";"g"
"au";"zz";"d"
"us";"CA";"g"
"au";"zz";"z"
"us";"GA";"f"
"us";"MN";"e"
"fr";"zz";"b"
"ca";"ON";"e"
"us";"IN";"d"
"zz";"zz";"z"
"us";"MD";"z"
"fr";"zz";"e"
"us";"FL";"d"
"us";"MA";"h"
"us";"FL";"d"
"us";"IN";"f"
"uk";"zz";"b"
"us";"NY";"d"
"uk";"zz";"a"
"us";"TX";"z"
"us";"CA";"g"
"us";"OK";"b"
"us";"NJ";"c"
"us";"GA";"d"
"us";"AL";"z"
"ca";"ON";"e"
"au";"zz";"a"
"us";"OR";"f"
"us";"CA";"e"
"ca";"zz";"i"
"us";"MD";"g"
"us";"MT";"d"
"us";"KT";"a"
"us";"TX";"i"
"us";"NC";"c"
"us";"CA";"b"
"us";"VA";"e"
"us";"FL";"e"
"us";"AL";"a"
"us";"CA";"f"
"ua";"zz";"i"
"us";"FL";"c"
"au";"zz";"i"
"us";"WA";"h"
"us";"MO";"f"
"us";"WA";"f"
"de";"zz";"f"
"za";"zz";"i"
"ro";"zz";"a"
"us";"MI";"i"
"us";"TX";"e"
"us";"WA";"e"
"us";"MI";"g"
"mx";"CA";"z"
"us";"NJ";"c"
"au";"zz";"e"
"us";"ID";"d"
"hk";"zz";"i"
"br";"zz";"i"
"uk";"zz";"f"
"us";"WI";"z"
"us";"LA";"b"
"ca";"zz";"g"
"sg";"zz";"i"
"dk";"zz";"f"
"us";"NJ";"d"
"us";"GA";"e"
"us";"WA";"g"
"de";"zz";"h"
"us";"CO";"d"
"fr";"zz";"f"
"bo";"zz";"i"
"ca";"PE";"c"
"us";"FL";"d"
"us";"WA";"h"
"us";"FL";"e"
"uk";"zz";"d"
"us";"AR";"e"
"no";"zz";"e"
"us";"NH";"e"
"fi";"zz";"g"
"ca";"QC";"c"
"us";"CA";"c"
"us";"WA";"d"
"de";"zz";"f"
"de";"zz";"z"
"nl";"zz";"g"
"ae";"zz";"i"
"au";"zz";"a"
"us";"WA";"i"
"us";"IL";"d"
"de";"zz";"b"
"uk";"zz";"i"
"us";"zz";"z"
"au";"zz";"i"
"de";"zz";"b"
"br";"AK";"i"
"us";"CA";"e"
"ca";"QC";"c"
"us";"OH";"i"
"us";"NH";"c"
"nz";"zz";"b"
"ae";"zz";"i"
"nl";"zz";"b"
"uk";"zz";"g"
"us";"FL";"i"
"br";"zz";"e"
"uk";"zz";"h"
"us";"OH";"b"
"co";"zz";"i"
"no";"zz";"a"
"us";"LA";"a"
"uk";"zz";"b"
"us";"ID";"c"
"us";"TN";"b"
"fr";"zz";"c"
"ch";"zz";"g"
"fr";"zz";"a"
"fr";"zz";"a"
"au";"zz";"c"
"um";"NJ";"b"
"fr";"zz";"c"
"us";"WA";"b"
"fr";"zz";"g"
"br";"zz";"h"
"us";"OH";"a"
"ca";"AB";"c"
"us";"WY";"b"
"us";"AK";"d"
"us";"AR";"a"
"de";"zz";"d"
"de";"zz";"g"
"uk";"AL";"d"
"sg";"zz";"i"
"us";"NC";"e"
"us";"CO";"g"
"uk";"zz";"h"
"fr";"zz";"b"
"zz";"zz";"b"
"uk";"zz";"b"
"uk";"zz";"d"
"us";"KS";"e"
"us";"NY";"b"
"us";"FL";"d"
"us";"AR";"c"
"us";"FL";"f"
"au";"zz";"i"
"uk";"zz";"a"
"nl";"zz";"g"
"us";"TN";"z"
"us";"CA";"f"
"uk";"zz";"z"
"pf";"zz";"c"
"us";"CA";"z"
"us";"PA";"h"
"us";"CA";"e"
"nl";"zz";"z"
"us";"CA";"z"
"us";"TN";"h"
"us";"MI";"a"
"de";"zz";"h"
"us";"NC";"e"
"us";"WA";"e"
"us";"CT";"b"
"do";"zz";"h"
"us";"HI";"i"
"us";"zz";"i"
"au";"zz";"a"
"us";"PA";"a"
"us";"TX";"h"
"hu";"zz";"i"
"us";"WA";"d"
"us";"PA";"c"
"us";"ID";"c"
"us";"MI";"b"
"br";"zz";"g"
"us";"PA";"c"
"us";"MI";"a"
"us";"AZ";"i"
"us";"WA";"e"
"us";"zz";"e"
"us";"CA";"b"
"us";"NY";"d"
"us";"NJ";"z"
"at";"zz";"i"
"sg";"zz";"i"
"uk";"zz";"g"
"uk";"zz";"d"
"fi";"zz";"d"
"us";"NY";"e"
"uk";"zz";"b"
"ca";"QC";"g"
"us";"CA";"b"
"au";"zz";"a"
"us";"FL";"i"
"us";"PA";"d"
"us";"NY";"e"
"uk";"zz";"a"
"us";"FL";"d"
"us";"zz";"z"
"us";"TX";"b"
"au";"WA";"z"
"zz";"zz";"z"
"us";"IN";"c"
"us";"FL";"b"
"uk";"zz";"a"
"br";"zz";"h"
"uk";"zz";"i"
"us";"FL";"c"
"us";"NC";"f"
"us";"CA";"i"
"us";"GA";"b"
"us";"OH";"z"
"uk";"zz";"z"
"ca";"SK";"a"
"us";"OR";"e"
"us";"MI";"f"
"us";"CA";"z"
"us";"NY";"i"
"us";"FL";"g"
"zz";"zz";"z"
"ca";"QC";"i"
"us";"TX";"b"
"se";"zz";"c"
"us";"GA";"i"
"us";"IL";"e"
"us";"WA";"e"
"us";"IL";"d"
"us";"CA";"d"
"us";"VA";"e"
"us";"MA";"z"
"us";"LA";"e"
"ca";"NS";"c"
"uk";"zz";"d"
"us";"WA";"e"
"ca";"ON";"z"
"zz";"zz";"z"
"zz";"zz";"z"
"au";"zz";"d"
"us";"OR";"h"
"us";"MN";"d"
"us";"NY";"e"
"ca";"BC";"e"
"pl";"zz";"g"
"ca";"QC";"g"
"us";"AZ";"i"
"us";"IL";"d"
"fr";"zz";"d"
"us";"AR";"b"
"us";"WA";"f"
"us";"FL";"e"
"us";"AZ";"h"
"us";"OR";"g"
"us";"WI";"b"
"ru";"zz";"i"
"us";"MS";"b"
"nl";"zz";"b"
"us";"WI";"b"
"ve";"zz";"b"
"ca";"BC";"g"
"us";"NY";"d"
"us";"VT";"a"
"us";"WA";"e"
"us";"OH";"b"
"us";"MI";"b"
"ca";"SK";"e"
"us";"TX";"h"
"au";"zz";"i"
"uk";"zz";"z"
"se";"zz";"a"
"be";"zz";"b"
"us";"MA";"d"
"us";"WY";"z"
"au";"zz";"c"
"uk";"zz";"d"
"cl";"zz";"g"
"us";"GA";"i"
"us";"MA";"g"
"us";"FL";"g"
"us";"NY";"i"
"us";"CA";"f"
"ca";"ON";"f"
"us";"CA";"d"
"us";"CA";"d"
"us";"OH";"c"
"us";"MI";"b"
"ca";"zz";"h"
"us";"SC";"b"
"us";"AZ";"i"
"us";"WA";"g"
"us";"SC";"z"
"us";"IN";"f"
"gg";"zz";"z"
"uk";"zz";"g"
"uk";"zz";"d"
"us";"NJ";"c"
"uk";"zz";"b"
"uk";"zz";"b"
"us";"FL";"b"
"us";"VA";"g"
"us";"WI";"d"
"us";"MI";"d"
"us";"TX";"g"
"us";"CA";"d"
"us";"AR";"d"
"uk";"zz";"b"
"us";"MA";"b"
"uk";"zz";"g"
"us";"NJ";"c"
"nz";"zz";"g"
"us";"AL";"d"
"us";"SC";"f"
"us";"WI";"g"
"se";"zz";"e"
"pl";"zz";"e"
"us";"ID";"g"
"us";"PA";"a"
"us";"TN";"e"
"us";"MO";"d"
"us";"GA";"e"
"us";"IN";"g"
"us";"ID";"b"
"de";"zz";"d"
"mx";"zz";"d"
"se";"zz";"i"
"us";"CO";"d"
"us";"LA";"f"
"us";"WA";"e"
"us";"OR";"e"
"au";"zz";"b"
"us";"FL";"b"
"us";"IL";"e"
"au";"zz";"i"
"us";"FL";"i"
"us";"MD";"d"
"us";"WA";"g"
"us";"GA";"f"
"us";"MN";"c"
"us";"NC";"a"
"zz";"zz";"z"
"us";"VA";"d"
"us";"OK";"e"
"us";"AZ";"d"
"us";"OH";"c"
"ca";"BC";"b"
"uk";"zz";"e"
"fr";"zz";"i"
"us";"GA";"b"
"us";"SC";"b"
"us";"NM";"i"
"us";"WA";"f"
"au";"zz";"b"
"uk";"zz";"a"
"us";"MO";"a"
"us";"NJ";"c"
"ae";"zz";"z"
"al";"zz";"a"
"us";"NC";"c"
"us";"ME";"i"
"si";"zz";"i"
"ca";"ON";"d"
"us";"IN";"e"
"uk";"zz";"a"
"us";"FL";"g"
"us";"OR";"d"
"us";"AR";"d"
"us";"NE";"c"
"us";"CA";"b"
"au";"zz";"e"
"us";"TN";"c"
"es";"zz";"b"
"us";"IL";"f"
"id";"zz";"a"
"uk";"zz";"b"
"ca";"AB";"b"
"us";"CA";"f"
"uk";"zz";"a"
"us";"AZ";"i"
"us";"GA";"b"
"us";"CA";"i"
"us";"TX";"f"
"us";"TX";"b"
"us";"FL";"d"
"us";"TX";"d"
"au";"zz";"e"
"us";"AZ";"c"
"us";"FL";"h"
"us";"MT";"f"
"bg";"zz";"d"
"us";"CA";"e"
"se";"zz";"d"
"us";"IN";"b"
"us";"WI";"i"
"us";"TN";"f"
"us";"RI";"g"
"ar";"zz";"c"
"us";"WI";"d"
"us";"NC";"b"
"us";"MI";"h"
"us";"IA";"e"
"uk";"zz";"b"
"us";"AZ";"e"
"hu";"zz";"a"
"us";"CA";"f"
"us";"KS";"f"
"jp";"zz";"i"
"us";"MA";"b"
"us";"CA";"d"
"zz";"zz";"e"
"ca";"BC";"c"
"no";"zz";"b"
"us";"NJ";"c"
"us";"zz";"b"
"pt";"zz";"b"
"us";"NJ";"d"
"us";"WA";"g"
"us";"MI";"b"
"us";"GA";"c"
"ca";"BC";"c"
"ca";"ON";"e"
"us";"CA";"h"
"ie";"zz";"g"
"ca";"MB";"i"
"us";"TX";"e"
"pt";"zz";"d"
"uk";"zz";"e"
"us";"AL";"c"
"mx";"zz";"d"
"us";"VA";"z"
"us";"GA";"d"
"us";"FL";"a"
"us";"MI";"c"
"ua";"zz";"i"
"us";"MO";"b"
"us";"NC";"g"
"ca";"ON";"b"
"us";"OR";"c"
"us";"ID";"e"
"ca";"zz";"g"
"us";"MD";"f"
"us";"MD";"f"
"mx";"zz";"i"
"au";"zz";"i"
"uk";"zz";"c"
"us";"OK";"c"
"fr";"zz";"e"
"us";"CA";"f"
"us";"IL";"d"
"us";"IL";"e"
"us";"CA";"c"
"us";"TX";"i"
"us";"CT";"d"
"us";"NC";"g"
"sg";"zz";"i"
"sg";"zz";"e"
"us";"FL";"b"
"ca";"ON";"a"
"us";"DC";"f"
"us";"WA";"c"
"us";"NC";"b"
"us";"WA";"e"
"us";"OH";"i"
"zz";"zz";"z"
"uk";"zz";"c"
"us";"KS";"a"
"uk";"zz";"g"
"ca";"ON";"d"
"us";"NH";"d"
"us";"MS";"a"
"mx";"zz";"f"
"us";"NC";"a"
"us";"NY";"g"
"us";"WA";"d"
"pl";"zz";"f"
"dk";"zz";"c"
"de";"zz";"i"
"us";"WA";"b"
"br";"zz";"i"
"us";"NY";"b"
"us";"AR";"d"
"ca";"BC";"c"
"us";"OK";"b"
"us";"MN";"f"
"ca";"AB";"e"
"us";"MA";"f"
"us";"KS";"a"
"us";"OH";"b"
"ca";"BC";"f"
"us";"AZ";"h"
"us";"NV";"d"
"us";"UT";"d"
"nl";"zz";"d"
"ca";"ON";"b"
"zz";"zz";"z"
"us";"MI";"b"
"us";"OH";"b"
"us";"MA";"b"
"us";"WA";"a"
"us";"WA";"g"
"us";"CO";"h"
"uk";"zz";"c"
"us";"FL";"d"
"nl";"zz";"e"
"de";"zz";"g"
"us";"TN";"f"
"us";"WA";"h"
"us";"NY";"c"
"us";"AZ";"g"
"ca";"NS";"d"
"dk";"zz";"d"
"us";"PA";"a"
"ca";"BC";"i"
"us";"PA";"g"
"us";"MI";"e"
"us";"zz";"c"
"au";"zz";"c"
"us";"CA";"e"
"fr";"zz";"i"
"uk";"zz";"f"
"us";"OH";"i"
"us";"MD";"z"
"us";"TX";"d"
"us";"NY";"d"
"us";"CA";"b"
"us";"AZ";"h"
"ru";"zz";"i"
"ca";"BC";"g"
"zz";"zz";"z"
"ca";"BC";"g"
"us";"CA";"b"
"ru";"zz";"i"
"us";"IL";"c"
"us";"MA";"b"
"au";"zz";"b"
"uk";"zz";"f"
"us";"OH";"g"
"us";"MA";"c"
"us";"zz";"b"
"us";"CA";"i"
"us";"CA";"f"
"us";"OR";"h"
"us";"FL";"a"
"ca";"QC";"b"
"us";"ME";"a"
"us";"FL";"e"
"us";"TX";"c"
"us";"CA";"d"
"us";"NY";"i"
"au";"zz";"a"
"ca";"BC";"d"
"us";"AL";"b"
"us";"CT";"b"
"fi";"zz";"d"
"us";"FL";"c"
"es";"zz";"f"
"us";"VA";"c"
"us";"FL";"f"
"us";"MO";"g"
"us";"CA";"d"
"us";"FL";"e"
"us";"GA";"a"
"us";"PA";"d"
"uk";"zz";"b"
"ca";"QC";"d"
"us";"NY";"b"
"co";"zz";"i"
"us";"NH";"c"
"us";"WY";"b"
"us";"CA";"e"
"us";"MI";"a"
"us";"NV";"d"
"us";"UT";"e"
"us";"FL";"c"
"us";"AL";"b"
"us";"IL";"d"
"au";"zz";"i"
"fr";"zz";"b"
"us";"zz";"b"
"au";"zz";"i"
"uk";"zz";"b"
"us";"WA";"d"
"de";"zz";"e"
"us";"IN";"g"
"us";"MI";"d"
"us";"TX";"g"
"us";"NY";"b"
"us";"VA";"g"
"us";"WY";"e"
"ca";"ON";"i"
"us";"MT";"a"
"us";"AZ";"i"
"us";"TN";"b"
"us";"IL";"i"
"us";"CO";"g"
"au";"zz";"c"
"au";"zz";"i"
"au";"zz";"i"
"uk";"zz";"e"
"us";"MD";"f"
"us";"KS";"g"
"us";"OH";"b"
"us";"IL";"b"
"us";"IL";"b"
"us";"CA";"f"
"us";"OH";"b"
"us";"IA";"g"
"us";"WA";"g"
"au";"zz";"i"
"de";"zz";"i"
"us";"CO";"a"
"us";"FL";"f"
"us";"WV";"b"
"us";"NV";"i"
"uk";"zz";"g"
"us";"NC";"z"
"uk";"zz";"e"
"co";"zz";"g"
"us";"WA";"c"
"zz";"zz";"z"
"us";"MD";"f"
"au";"zz";"i"
"uk";"zz";"f"
"us";"UT";"i"
"bs";"zz";"b"
"us";"MA";"b"
"zz";"zz";"z"
"us";"MO";"f"
"us";"NE";"b"
"uk";"zz";"a"
"ca";"BC";"e"
"es";"zz";"i"
"pl";"zz";"h"
"us";"CA";"b"
"zz";"zz";"z"
"us";"NJ";"d"
"us";"OH";"a"
"us";"IN";"c"
"fi";"zz";"g"
"us";"NM";"e"
"us";"NC";"b"
"zz";"zz";"z"
"sa";"zz";"i"
"au";"zz";"b"
"zz";"zz";"z"
"us";"ID";"i"
"us";"AZ";"c"
"uk";"zz";"f"
"us";"CA";"d"
"us";"WA";"c"
"us";"FL";"e"
"us";"CO";"z"
"au";"zz";"a"
"au";"zz";"e"
"us";"IL";"c"
"us";"DC";"a"
"zz";"zz";"z"
"us";"MN";"a"
"us";"SD";"f"
"us";"AL";"d"
"us";"CA";"c"
"uk";"zz";"e"
"us";"OH";"d"
"us";"ME";"z"
"us";"KS";"b"
"ee";"zz";"b"
"za";"zz";"c"
"us";"PA";"c"
"ca";"BC";"i"
"us";"WI";"a"
"uk";"zz";"g"
"au";"zz";"g"
"us";"MD";"f"
"us";"OH";"f"
"ca";"AB";"i"
"us";"CA";"i"
"br";"zz";"i"
"us";"CA";"d"
"us";"CA";"d"
"ca";"NL";"g"
"au";"zz";"a"
"us";"CA";"f"
"us";"CA";"f"
"au";"zz";"e"
"uk";"zz";"i"
"us";"GA";"i"
"de";"zz";"h"
"us";"UT";"c"
"us";"TX";"g"
"au";"zz";"b"
"us";"CA";"d"
"us";"PA";"g"
"ca";"ON";"g"
"us";"OK";"e"
"us";"RI";"e"
"us";"FL";"i"
"au";"zz";"d"
"zz";"zz";"z"
"br";"zz";"i"
"au";"zz";"i"
"us";"NJ";"d"
"us";"IL";"c"
"us";"FL";"h"
"us";"FL";"g"
"uk";"zz";"b"
"br";"zz";"i"
"br";"zz";"i"
"us";"PA";"i"
"zz";"zz";"z"
"us";"OH";"b"
"us";"WI";"e"
"us";"NM";"b"
"au";"zz";"g"
"zz";"zz";"z"
"us";"IL";"b"
"us";"VA";"c"
"zz";"zz";"z"
"uk";"zz";"i"
"us";"CA";"e"
"uk";"zz";"i"
"us";"MN";"d"
"us";"IA";"g"
"us";"FL";"b"
"ca";"BC";"b"
"us";"MS";"c"
"us";"TX";"i"
"ca";"ON";"a"
"us";"MT";"c"
"us";"NY";"f"
"au";"zz";"a"
"au";"zz";"c"
"it";;"g"
"us";"FL";"c"
"mx";"zz";"i"
"us";"FL";"f"
"us";"NM";"g"
"us";"ID";"z"
"us";"IN";"z"
"us";"MI";"z"
"us";"CA";"c"
"us";"CT";"b"
"uk";"zz";"i"
"ee";"zz";"g"
"us";"PA";"z"
"de";"zz";"i"
"us";"FL";"c"
"ca";"ON";"b"
"au";"zz";"b"
"us";"VA";"d"
"us";"CO";"g"
"us";"CO";"f"
"au";"zz";"i"
"ca";"QC";"d"
"us";"NY";"i"
"us";"OR";"b"
"us";"TX";"c"
"ca";"SK";"a"
"us";"NM";"h"
"us";"WI";"d"
"us";"MI";"a"
"us";"zz";"d"
"uk";"zz";"e"
"us";"MN";"e"
"us";"TX";"i"
"us";"NY";"c"
"zz";"zz";"z"
"au";"NT";"a"
"us";"TX";"a"
"uk";"zz";"d"
"us";"CA";"d"
"us";"FL";"e"
"us";"TX";"b"
"us";"TX";"i"
"au";"zz";"i"
"us";"TN";"e"
"us";"MA";"c"
"uk";"zz";"c"
"us";"GA";"b"
"us";"CO";"z"
"au";"zz";"z"
"br";"zz";"e"
"es";"zz";"d"
"us";"LA";"a"
"us";"NC";"b"
"us";"FL";"c"
"us";"MS";"b"
"uk";"zz";"c"
"ca";"AB";"a"
"us";"TX";"c"
"ca";"ON";"h"
"zz";"zz";"z"
"uk";"zz";"e"
"us";"MO";"b"
"us";"UT";"c"
"us";"PA";"c"
"us";"IA";"d"
"us";"LA";"f"
"us";"NJ";"e"
"us";"TX";"i"
"ca";"AB";"i"
"us";"MO";"b"
"us";"MS";"b"
"us";"CA";"g"
"uk";"zz";"d"
"ca";"BC";"f"
"us";"zz";"z"
"uk";"zz";"g"
"us";"OR";"e"
"us";"OR";"f"
"us";"OR";"c"
"us";"NE";"c"
"us";"FL";"b"
"us";"OH";"a"
"us";"CA";"b"
"us";"UT";"c"
"us";"AZ";"i"
"us";"KS";"d"
"uk";"zz";"z"
"us";"NH";"h"
"it";"CA";"c"
"us";"SC";"b"
"zz";"TX";"b"
"us";"zz";"c"
"us";"PA";"e"
"us";"MI";"i"
"us";"NV";"d"
"us";"FL";"d"
"us";"WA";"c"
"no";"zz";"b"
"us";"WA";"c"
"us";"WI";"g"
"us";"CA";"f"
"us";"FL";"b"
"us";"KS";"e"
"us";"IL";"g"
"us";"NY";"a"
"us";"MA";"e"
"at";"zz";"i"
"us";"WI";"a"
"us";"WI";"f"
"us";"PA";"g"
"tr";"zz";"g"
"us";"WA";"a"
"us";"PA";"d"
"uk";"zz";"z"
"us";"KT";"d"
"us";"IL";"e"
"zz";"zz";"z"
"uk";"zz";"e"
"us";"PA";"f"
"us";"NJ";"a"
"us";"FL";"f"
"us";"LA";"b"
"us";"zz";"b"
"us";"NM";"b"
"ca";"AB";"f"
"us";"LA";"b"
"us";"TX";"i"
"us";"CA";"a"
"my";"zz";"i"
"us";"VA";"i"
"us";"WI";"c"
"uk";"zz";"f"
"mx";"zz";"i"
"us";"CA";"z"
"sg";"zz";"i"
"us";"TX";"z"
"nl";"zz";"e"
"us";"MI";"b"
"us";"WA";"e"
"us";"zz";"b"
"us";"NV";"g"
"us";"NV";"i"
"br";"zz";"g"
"uk";"zz";"e"
"uk";"zz";"h"
"us";"CA";"g"
"uk";"zz";"i"
"us";"PA";"b"
"us";"CA";"i"
"us";"MN";"f"
"uk";"zz";"a"
"uk";"zz";"c"
"uk";"zz";"b"
"us";"WA";"d"
"br";"zz";"i"
"us";"PA";"a"
"au";"zz";"i"
"ph";"zz";"z"
"xx";"WA";"g"
"uk";"zz";"e"
"ca";"AB";"i"
"nl";"zz";"a"
"us";"OR";"c"
"es";"zz";"h"
"us";"WA";"z"
"us";"FL";"f"
"ca";"zz";"b"
"us";"ME";"a"
"us";"NY";"a"
"zz";"zz";"z"
"us";"NY";"b"
"us";"MD";"c"
"us";"MI";"f"
"us";"SC";"g"
"us";"OH";"e"
"uk";"zz";"g"
"be";"zz";"e"
"us";"NH";"d"
"au";"zz";"d"
"ca";"NB";"f"
"us";"KT";"f"
"us";"OH";"b"
"ca";"ON";"h"
"ca";"ON";"b"
"ca";"zz";"g"
"is";"zz";"g"
"id";"zz";"f"
"uk";"zz";"b"
"us";"IA";"f"
"us";"OK";"e"
"us";"VT";"a"
"us";"MT";"f"
"af";"zz";"a"
"us";"AZ";"h"
"us";"NC";"e"
"us";"CA";"d"
"ph";"zz";"d"
"ph";"zz";"d"
"us";"TX";"i"
"us";"ND";"b"
"ca";"ON";"g"
"us";"CA";"d"
"us";"FL";"f"
"us";"AR";"e"
"us";"AL";"d"
"us";"PA";"b"
"us";"MI";"g"
"us";"TX";"i"
"pl";"zz";"b"
"be";"zz";"c"
"us";"CO";"g"
"us";"MI";"d"
"ar";"zz";"i"
"mx";"zz";"i"
"uk";"zz";"b"
"us";"OH";"b"
"us";"NJ";"f"
"us";"VA";"b"
"mx";"zz";"d"
"br";"zz";"g"
"us";"zz";"z"
"za";"zz";"z"
"us";"TX";"c"
"uk";"zz";"d"
"us";"IL";"d"
"us";"CA";"h"
"us";"NE";"a"
"au";"HI";"a"
"br";"zz";"i"
"ca";"BC";"i"
"za";"zz";"f"
"no";"zz";"d"
"us";"TN";"c"
"us";"NY";"c"
"uk";"zz";"g"
"co";"zz";"i"
"us";"AL";"b"
"us";"zz";"d"
"us";"CA";"c"
"us";"GA";"b"
"de";"zz";"b"
"de";"zz";"b"
"us";"HI";"c"
"us";"AZ";"i"
"au";"zz";"c"
"br";"zz";"g"
"au";"zz";"i"
"zz";"zz";"z"
"id";"zz";"d"
"id";"zz";"c"
"es";"zz";"d"
"id";"zz";"c"
"ie";"zz";"b"
"id";"zz";"i"
"us";"NE";"z"
"us";"MN";"e"
"br";"zz";"i"
"de";"zz";"c"
"za";"zz";"e"
"ca";"BC";"b"
"us";"WI";"e"
"de";"zz";"b"
"us";"IN";"i"
"ca";"BC";"g"
"za";"zz";"e"
"nl";"zz";"d"
"au";"zz";"i"
"us";"MD";"c"
"mx";"zz";"z"
"us";"MN";"e"
"fi";"zz";"h"
"us";"CO";"e"
"us";"TX";"a"
"us";"WA";"e"
"zz";"zz";"z"
"es";"zz";"c"
"br";"zz";"b"
"us";"FL";"i"
"us";"SC";"h"
"us";"TX";"b"
"zz";"zz";"z"
"us";"FL";"f"
"si";"zz";"c"
"fr";"zz";"f"
"us";"CA";"i"
"us";"CA";"e"
"us";"TX";"i"
"us";"NC";"b"
"us";"NY";"b"
"ca";"ON";"a"
"ca";"AB";"b"
"us";"MO";"b"
"ca";"AB";"d"
"se";"zz";"b"
"us";"TX";"i"
"de";"zz";"g"
"us";"TN";"h"
"us";"ID";"c"
"us";"CT";"b"
"us";"NC";"f"
"us";"AZ";"i"
"um";"MT";"b"
"ca";"BC";"d"
"us";"TX";"d"
"ca";"ON";"g"
"uk";"zz";"a"
"us";"OK";"e"
"us";"NJ";"e"
"ca";"zz";"g"
"us";"CO";"h"
"zz";"zz";"z"
"us";"CO";"e"
"us";"AL";"c"
"ca";"MB";"f"
"sg";"zz";"h"
"us";"CA";"c"
"us";"CA";"d"
"us";"MD";"f"
"uk";"zz";"a"
"us";"CA";"h"
"us";"NV";"g"
"us";"CA";"f"
"us";"TN";"h"
"us";"PA";"f"
"pl";"zz";"d"
"br";"zz";"i"
"zz";"zz";"z"
"us";"zz";"f"
"us";"MI";"c"
"us";"MN";"c"
"uk";"zz";"i"
"us";"MO";"g"
"us";"CA";"b"
"pt";"zz";"z"
"us";"CA";"g"
"us";"CA";"i"
"us";"NC";"c"
"us";"MI";"e"
"us";"IL";"b"
"ca";"ON";"b"
"uk";"zz";"e"
"ca";"QC";"c"
"us";"NH";"b"
"au";"zz";"i"
"us";"KT";"g"
"ca";"BC";"d"
"us";"NH";"e"
"us";"UT";"b"
"uk";"zz";"c"
"se";"zz";"d"
"us";"NJ";"d"
"mx";"zz";"i"
"us";"OH";"b"
"us";"KT";"c"
"us";"NH";"b"
"us";"OR";"e"
"us";"MO";"c"
"ca";"ON";"d"
"us";"GA";"d"
"us";"WA";"c"
"us";"IN";"e"
"ca";"BC";"h"
"us";"PA";"z"
"us";"zz";"c"
"us";"OK";"b"
"us";"MD";"d"
"ca";"QC";"b"
"uk";"zz";"i"
"uk";"zz";"g"
"us";"PA";"e"
"us";"WI";"a"
"us";"CA";"g"
"us";"OH";"d"
"us";"OR";"c"
"us";"VA";"g"
"uk";"zz";"i"
"uk";"zz";"c"
"us";"CO";"a"
"im";"zz";"b"
"us";"zz";"e"
"us";"OR";"f"
"us";"CA";"c"
"us";"AR";"a"
"uk";"zz";"a"
"us";"GA";"b"
"us";"VA";"a"
"us";"MI";"a"
"us";"TX";"c"
"us";"OH";"d"
"us";"NY";"e"
"us";"NC";"a"
"us";"GA";"g"
"us";"TX";"e"
"ph";"zz";"i"
"uk";"zz";"b"
"us";"FL";"e"
"us";"NC";"b"
"us";"FL";"b"
"us";"CA";"z"
"us";"TX";"h"
"us";"NY";"a"
"us";"OH";"f"
"us";"CA";"a"
"us";"MO";"i"
"us";"MI";"f"
"us";"OK";"b"
"dk";"zz";"e"
"us";"IN";"d"
"si";"zz";"b"
"us";"MI";"b"
"us";"CO";"f"
"us";"MO";"g"
"us";"CA";"d"
"us";"WA";"g"
"us";"MD";"e"
"ru";"zz";"i"
"us";"MI";"b"
"au";"zz";"a"
"us";"GA";"b"
"uk";"zz";"g"
"ca";"NS";"b"
"us";"KS";"a"
"us";"NE";"g"
"us";"MA";"f"
"us";"CA";"d"
"us";"NV";"i"
"us";"IN";"b"
"us";"CA";"g"
"us";"TX";"f"
"us";"CA";"f"
"us";"TX";"i"
"us";"NY";"b"
"us";"IL";"c"
"us";"AZ";"i"
"pl";"zz";"g"
"no";"zz";"c"
"ve";"zz";"g"
"au";"zz";"e"
"at";"zz";"i"
"ca";"ON";"e"
"us";"PA";"i"
"zz";"zz";"z"
"us";"WA";"f"
"us";"UT";"g"
"us";"CA";"f"
"us";"AZ";"e"
"us";"PA";"b"
"us";"NY";"b"
"uk";"zz";"e"
"us";"NH";"i"
"us";"zz";"f"
"us";"FL";"b"
"us";"GA";"z"
"us";"SC";"f"
"nz";"zz";"d"
"zz";"zz";"z"
"us";"WA";"h"
"us";"OH";"f"
"us";"NC";"b"
"us";"GA";"e"
"us";"WA";"g"
"us";"TX";"c"
"us";"VA";"e"
"us";"NC";"c"
"us";"VT";"d"
"zz";"zz";"z"
"us";"AL";"d"
"us";"GA";"f"
"us";"OH";"e"
"us";"FL";"h"
"uk";"zz";"e"
"us";"LA";"a"
"be";"zz";"d"
"us";"CA";"i"
"us";"OR";"g"
"us";"NC";"g"
"us";"NJ";"b"
"nl";"zz";"e"
"ca";"QC";"b"
"zz";"WA";"d"
"us";"MN";"b"
"us";"CA";"z"
"us";"WA";"c"
"ca";"ON";"f"
"us";"TX";"i"
"de";"zz";"a"
"us";"AL";"b"
"us";"MD";"f"
"ca";"AB";"f"
"au";"zz";"b"
"us";"FL";"d"
"us";"TN";"b"
"us";"TN";"a"
"us";"PA";"f"
"ru";"zz";"f"
"us";"TX";"d"
"us";"TX";"g"
"ca";"QC";"g"
"uk";"zz";"b"
"us";"IN";"c"
"us";"TX";"g"
"zz";"TN";"a"
"us";"TX";"d"
"ad";"zz";"d"
"us";"MI";"a"
"ca";"ON";"d"
"us";"MI";"d"
"de";"zz";"d"
"se";"zz";"b"
"us";"GA";"b"
"pt";"zz";"e"
"us";"MO";"f"
"us";"NY";"d"
"au";"zz";"z"
"us";"GA";"z"
"us";"OK";"a"
"au";"zz";"i"
"us";"CO";"e"
"mx";"DC";"e"
"uk";"zz";"d"
"us";"MN";"d"
"us";"CA";"g"
"uk";"zz";"b"
"us";"OH";"f"
"us";"NY";"g"
"us";"UT";"g"
"us";"MI";"a"
"us";"MD";"a"
"lt";"VA";"b"
"ca";"NS";"g"
"us";"PA";"c"
"uk";"zz";"i"
"us";"GA";"b"
"us";"FL";"e"
"us";"TX";"a"
"us";"MO";"a"
"us";"FL";"g"
"gr";"zz";"e"
"ca";"BC";"h"
"us";"WA";"e"
"us";"MS";"e"
"us";"AZ";"h"
"us";"MO";"d"
"br";"zz";"i"
"us";"VA";"b"
"us";"TN";"a"
"us";"CA";"b"
"us";"TX";"c"
"us";"PA";"b"
"us";"KT";"c"
"uk";"zz";"e"
"uk";"zz";"a"
"us";"zz";"i"
"au";"zz";"d"
"us";"NC";"f"
"us";"FL";"d"
"zz";"zz";"z"
"ca";"ON";"c"
"au";"zz";"e"
"uk";"zz";"c"
"ru";"zz";"i"
"us";"TN";"e"
"us";"AL";"f"
"fi";"zz";"g"
"au";"zz";"i"
"uk";"zz";"a"
"us";"IA";"c"
"us";"NY";"b"
"zz";"zz";"z"
"us";"IN";"d"
"us";"CO";"c"
"us";"FL";"i"
"ca";"QC";"z"
"us";"CA";"i"
"us";"CA";"e"
"us";"GA";"c"
"us";"FL";"c"
"us";"FL";"i"
"us";"DE";"b"
"ca";"NS";"a"
"uk";"zz";"a"
"cz";"zz";"g"
"us";"PA";"c"
"se";"zz";"c"
"us";"CA";"f"
"uk";"zz";"a"
"zz";"zz";"z"
"us";"zz";"d"
"uk";"zz";"e"
"us";"OH";"d"
"us";"TN";"b"
"us";"CO";"f"
"us";"CA";"b"
"us";"NY";"f"
"us";"AZ";"d"
"us";"CA";"g"
"us";"NC";"b"
"zz";"zz";"z"
"us";"PA";"g"
"us";"PA";"b"
"us";"TX";"b"
"br";"zz";"g"
"uk";"zz";"d"
"it";"zz";"b"
"uk";"zz";"d"
"us";"TX";"c"
"us";"NJ";"b"
"zz";"zz";"z"
"at";"zz";"i"
"us";"NY";"d"
"ec";"zz";"b"
"nz";"zz";"z"
"us";"OR";"d"
"us";"PA";"b"
"au";"zz";"b"
"us";"VA";"e"
"us";"LA";"c"
"us";"NJ";"d"
"ca";"AB";"h"
"uk";"zz";"b"
"fr";"zz";"b"
"us";"NC";"g"
"us";"FL";"c"
"us";"OR";"f"
"es";"zz";"c"
"us";"TX";"b"
"se";"zz";"a"
"it";"zz";"d"
"uk";"zz";"b"
"us";"MN";"f"
"us";"CA";"a"
"ca";"BC";"z"
"us";"NY";"i"
"us";"CO";"a"
"us";"NY";"i"
"us";"CA";"e"
"us";"FL";"b"
"us";"CT";"c"
"us";"TN";"b"
"us";"TX";"g"
"uk";"zz";"b"
"us";"CA";"i"
"us";"CA";"a"
"us";"MA";"c"
"us";"DE";"d"
"ca";"PE";"f"
"ca";"PE";"e"
"us";"CA";"i"
"mx";"IA";"e"
"us";"MT";"d"
"uk";"zz";"a"
"be";"zz";"c"
"us";"FL";"g"
"fi";"zz";"f"
"zz";"zz";"z"
"us";"UT";"f"
"us";"MI";"g"
"uk";"zz";"g"
"ie";"zz";"a"
"zz";"zz";"i"
"us";"CA";"a"
"us";"FL";"c"
"us";"WI";"a"
"us";"CA";"h"
"us";"TX";"f"
"us";"CA";"c"
"us";"CA";"d"
"ch";"zz";"z"
"us";"CA";"d"
"us";"FL";"d"
"fr";"zz";"c"
"zz";"zz";"z"
"us";"WA";"g"
"zz";"FL";"i"
"kp";"zz";"i"
"us";"WI";"g"
"au";"zz";"i"
"de";"zz";"c"
"us";"AZ";"a"
"us";"IN";"a"
"us";"MI";"d"
"sk";"zz";"g"
"us";"TX";"i"
"uk";"zz";"a"
"us";"SD";"d"
"us";"MO";"d"
"us";"CA";"h"
"us";"NJ";"z"
"us";"FL";"a"
"us";"MI";"a"
"ca";"zz";"f"
"us";"NY";"b"
"us";"NY";"b"
"ca";"AB";"g"
"us";"MO";"i"
"us";"IN";"d"
"us";"zz";"e"
"us";"FL";"d"
"uk";"zz";"b"
"ca";"ON";"e"
"us";"TX";"i"
"us";"NC";"e"
"au";"zz";"z"
"au";"zz";"c"
"ca";"ON";"g"
"us";"VA";"g"
"us";"OR";"g"
"us";"MO";"d"
"nz";"zz";"b"
"au";"zz";"b"
"ca";"ON";"e"
"us";"FL";"b"
"us";"CA";"f"
"br";"zz";"i"
"us";"FL";"e"
"us";"CA";"b"
"us";"CA";"d"
"au";"zz";"g"
"us";"AZ";"i"
"us";"MO";"b"
"us";"CA";"c"
"zz";"OH";"b"
"uk";"zz";"i"
"us";"MN";"b"
"us";"CA";"f"
"us";"MI";"a"
"us";"FL";"f"
"be";"zz";"d"
"es";"zz";"f"
"us";"TX";"i"
"us";"FL";"f"
"us";"AR";"d"
"ca";"ON";"h"
"uk";"zz";"h"
"us";"zz";"h"
"de";"zz";"z"
"us";"NJ";"z"
"us";"ME";"b"
"us";"MO";"d"
"us";"MI";"d"
"ca";"BC";"i"
"us";"GA";"a"
"uk";"zz";"g"
"us";"TX";"i"
"us";"TX";"c"
"de";"zz";"f"
"us";"UT";"e"
"be";"zz";"c"
"uk";"zz";"c"
"us";"TN";"g"
"us";"TX";"a"
"us";"OH";"a"
"us";"CA";"z"
"us";"CA";"h"
"us";"MI";"a"
"us";"zz";"b"
"us";"TX";"a"
"de";"zz";"c"
"us";"PA";"d"
"uk";"zz";"i"
"ae";"zz";"f"
"us";"FL";"d"
"zz";"zz";"z"
"us";"IL";"d"
"us";"FL";"a"
"us";"MS";"c"
"us";"OH";"c"
"us";"AZ";"b"
"us";"MI";"g"
"us";"CA";"d"
"my";"zz";"g"
"uk";"zz";"c"
"us";"TX";"i"
"us";"TX";"i"
"us";"WI";"c"
"zz";"zz";"z"
"us";"CA";"g"
"ca";"ON";"h"
"us";"MS";"b"
"us";"CA";"b"
"au";"zz";"e"
"fi";"zz";"e"
"uk";"zz";"f"
"us";"WA";"e"
"us";"AR";"e"
"us";"DE";"c"
"pl";"zz";"h"
"us";"MO";"c"
"us";"CO";"g"
"ca";"BC";"b"
"uk";"zz";"d"
"us";"WA";"i"
"fi";"zz";"g"
"us";"CA";"b"
"us";"CO";"b"
"ca";"ON";"d"
"us";"UT";"i"
"us";"NJ";"e"
"us";"NY";"b"
"us";"TX";"d"
"ro";"zz";"d"
"us";"FL";"b"
"no";"zz";"e"
"us";"GA";"e"
"us";"KT";"b"
"br";"zz";"d"
"us";"GA";"i"
"us";"KT";"b"
"uk";"zz";"f"
"us";"MD";"z"
"us";"LA";"b"
"us";"CO";"c"
"us";"CO";"b"
"us";"TX";"e"
"us";"NJ";"e"
"us";"PA";"c"
"us";"LA";"a"
"us";"PA";"h"
"ca";"NS";"z"
"us";"NH";"a"
"us";"TX";"e"
"ca";"ON";"h"
"uk";"zz";"i"
"uk";"WV";"c"
"us";"IN";"a"
"zz";"zz";"z"
"us";"NY";"e"
"us";"CO";"c"
"us";"ID";"h"
"us";"CA";"c"
"us";"OR";"g"
"us";"IN";"c"
"us";"CA";"i"
"us";"TX";"d"
"zz";"zz";"z"
"us";"OH";"a"
"uk";"MA";"b"
"us";"CA";"c"
"us";"UT";"c"
"us";"NM";"b"
"us";"IA";"c"
"us";"IA";"c"
"us";"CA";"g"
"us";"OK";"c"
"ca";"BC";"f"
"us";"WV";"e"
"us";"WI";"e"
"us";"MT";"c"
"us";"NC";"a"
"us";"VA";"a"
"uk";"zz";"c"
"us";"TX";"z"
"us";"MO";"a"
"us";"OR";"e"
"de";"zz";"f"
"ca";"NS";"i"
"us";"CA";"b"
"us";"CO";"f"
"us";"LA";"a"
"zz";"zz";"z"
"us";"TN";"b"
"uk";"zz";"c"
"us";"FL";"h"
"us";"NC";"g"
"it";"zz";"b"
"us";"zz";"b"
"us";"NE";"a"
"ca";"NS";"c"
"us";"IN";"b"
"us";"CA";"b"
"fi";"zz";"z"
"au";"zz";"b"
"us";"FL";"e"
"us";"NC";"b"
"us";"WI";"a"
"ca";"ON";"i"
"us";"AZ";"g"
"us";"NJ";"c"
"uk";"zz";"h"
"br";"zz";"h"
"us";"PA";"e"
"us";"CO";"d"
"us";"CA";"g"
"us";"GA";"e"
"us";"MN";"f"
"uk";"zz";"d"
"uk";"zz";"e"
"us";"zz";"i"
"ca";"ON";"h"
"ca";"NB";"b"
"us";"CA";"i"
"ca";"BC";"f"
"us";"MN";"i"
"us";"CO";"e"
"us";"CA";"b"
"us";"MN";"d"
"us";"CO";"g"
"us";"AL";"c"
"us";"FL";"f"
"ca";"BC";"c"
"us";"PA";"z"
"zz";"zz";"z"
"us";"CO";"d"
"ca";"BC";"i"
"zz";"zz";"z"
"us";"WA";"d"
"ca";"QC";"i"
"us";"TX";"f"
"us";"TX";"e"
"us";"CA";"i"
"uk";"zz";"e"
"us";"MO";"b"
"us";"CA";"g"
"ca";"BC";"e"
"us";"NJ";"a"
"zz";"zz";"z"
"us";"WA";"d"
"us";"GA";"c"
"us";"AZ";"e"
"us";"KS";"f"
"us";"KS";"f"
"us";"MI";"a"
"us";"PA";"d"
"us";"TX";"d"
"us";"AL";"a"
"us";"WA";"g"
"us";"AK";"b"
"us";"MI";"e"
"mx";"zz";"i"
"us";"WA";"f"
"us";"IA";"z"
"us";"MA";"b"
"us";"NH";"a"
"us";"OK";"i"
"us";"TX";"g"
"ca";"AB";"a"
"uk";"zz";"b"
"us";"AZ";"i"
"us";"GA";"e"
"us";"WI";"d"
"us";"ME";"b"
"us";"IL";"e"
"us";"MO";"d"
"ca";"AB";"i"
"us";"TX";"e"
"us";"WA";"f"
"pl";"zz";"h"
"us";"DE";"c"
"us";"NC";"f"
"us";"PA";"b"
"uk";"zz";"g"
"us";"MO";"a"
"us";"UT";"f"
"us";"SD";"d"
"us";"CO";"i"
"us";"NV";"g"
"us";"OR";"g"
"no";"zz";"h"
"de";"zz";"g"
"us";"WI";"g"
"de";"zz";"c"
"us";"IL";"d"
"us";"MA";"d"
"us";"NH";"z"
"uk";"zz";"b"
"us";"WA";"e"
"us";"NY";"f"
"us";"WA";"g"
"es";"zz";"h"
"us";"CA";"f"
"us";"PA";"a"
"us";"CO";"c"
"us";"CA";"c"
"uk";"zz";"g"
"us";"IA";"f"
"us";"MI";"b"
"ec";"zz";"h"
"us";"CO";"z"
"us";"CA";"a"
"us";"OK";"b"
"us";"VA";"e"
"us";"CO";"f"
"us";"MI";"b"
"uk";"zz";"d"
"us";"TX";"h"
"us";"FL";"b"
"us";"AZ";"i"
"us";"PA";"b"
"us";"ID";"f"
"us";"FL";"c"
"ca";"AB";"a"
"us";"PA";"b"
"us";"VA";"e"
"us";"CA";"c"
"us";"NY";"b"
"uk";"zz";"g"
"us";"CA";"e"
"ca";"MB";"h"
"us";"PA";"e"
"us";"MI";"z"
"us";"CA";"d"
"us";"WA";"e"
"us";"NY";"e"
"es";"zz";"g"
"ca";"zz";"z"
"us";"UT";"i"
"us";"AZ";"f"
"us";"zz";"c"
"us";"FL";"i"
"us";"WI";"d"
"fi";"zz";"d"
"us";"GA";"b"
"us";"NY";"e"
"us";"MN";"g"
"us";"GA";"i"
"us";"zz";"b"
"us";"MN";"b"
"au";"zz";"i"
"us";"CA";"f"
"ca";"AB";"i"
"pa";"zz";"c"
"us";"NY";"e"
"uk";"zz";"e"
"us";"NC";"d"
"us";"TN";"h"
"uk";"zz";"b"
"us";"MD";"e"
"us";"IA";"f"
"us";"IN";"g"
"us";"OK";"d"
"us";"ND";"f"
"uk";"zz";"d"
"us";"AZ";"i"
"us";"CO";"b"
"ca";"ON";"c"
"de";"zz";"a"
"us";"MD";"e"
"au";"zz";"b"
"us";"LA";"g"
"uk";"zz";"z"
"us";"MN";"b"
"ca";"ON";"e"
"us";"MS";"b"
"us";"WA";"f"
"uk";"zz";"e"
"us";"WI";"a"
"us";"AZ";"h"
"us";"TX";"i"
"us";"WI";"b"
"ie";"zz";"d"
"us";"KT";"b"
"se";"zz";"b"
"us";"IL";"d"
"us";"CA";"e"
"us";"AZ";"b"
"us";"VA";"d"
"us";"FL";"b"
"us";"LA";"d"
"us";"AL";"a"
"ru";"zz";"i"
"us";"WA";"g"
"us";"IL";"i"
"us";"AL";"a"
"us";"zz";"g"
"no";"zz";"d"
"uk";"zz";"h"
"id";"zz";"i"
"us";"NY";"a"
"au";"zz";"c"
"us";"zz";"b"
"ca";"NS";"e"
"ca";"AB";"i"
"mx";"zz";"i"
"us";"WV";"b"
"us";"IA";"e"
"us";"MI";"b"
"us";"FL";"c"
"us";"CA";"z"
"pr";"zz";"d"
"us";"MD";"b"
"us";"TX";"b"
"us";"GA";"b"
"us";"AZ";"b"
"us";"WA";"f"
"us";"CA";"h"
"uk";"zz";"a"
"uk";"zz";"g"
"us";"CA";"g"
"dk";"zz";"b"
"us";"FL";"b"
"us";"MI";"b"
"us";"MI";"a"
"us";"MI";"b"
"us";"NC";"a"
"us";"MN";"c"
"us";"WA";"e"
"us";"FL";"e"
"us";"MO";"g"
"nl";"zz";"d"
"ca";"AB";"i"
"us";"WA";"b"
"us";"CA";"h"
"um";"PA";"a"
"se";"zz";"e"
"us";"IL";"c"
"us";"PA";"b"
"uk";"MD";"h"
"us";"MN";"e"
"se";"zz";"d"
"us";"CA";"i"
"us";"AZ";"b"
"us";"GA";"e"
"us";"zz";"z"
"us";"MI";"b"
"at";"zz";"i"
"us";"TX";"d"
"us";"TN";"h"
"us";"MN";"d"
"us";"zz";"b"
"us";"CA";"c"
"de";"zz";"e"
"au";"zz";"b"
"au";"zz";"f"
"au";"zz";"z"
"au";"zz";"g"
"us";"OK";"e"
"us";"TX";"a"
"us";"TX";"h"
"au";"zz";"b"
"au";"zz";"b"
"se";"zz";"f"
"pl";"zz";"a"
"us";"OH";"e"
"us";"MI";"e"
"us";"OH";"d"
"nz";"zz";"c"
"br";"zz";"e"
"us";"ID";"d"
"us";"OR";"i"
"us";"KT";"b"
"us";"NC";"b"
"us";"MN";"d"
"us";"GA";"e"
"us";"ID";"g"
"us";"WI";"a"
"pt";"zz";"h"
"pk";"zz";"g"
"us";"OR";"b"
"ca";"ON";"e"
"pl";"zz";"e"
"fi";"zz";"b"
"us";"MA";"f"
"us";"FL";"c"
"us";"AZ";"i"
"us";"NJ";"c"
"us";"OH";"z"
"us";"MO";"d"
"us";"NC";"c"
"us";"IL";"c"
"au";"zz";"b"
"us";"zz";"a"
"us";"MN";"e"
"it";"zz";"b"
"us";"OH";"i"
"ca";"zz";"e"
"us";"WI";"c"
"us";"MA";"a"
"uk";"zz";"a"
"us";"OH";"e"
"us";"CA";"i"
"us";"NJ";"e"
"us";"CA";"f"
"us";"TX";"f"
"nl";"zz";"e"
"uk";"zz";"d"
"us";"TX";"b"
"zz";"zz";"z"
"us";"GA";"d"
"us";"CA";"i"
"us";"NC";"f"
"us";"PA";"b"
"us";"AR";"b"
"us";"FL";"d"
"ca";"SK";"g"
"us";"VA";"i"
"us";"OK";"c"
"us";"PA";"c"
"us";"MT";"e"
"us";"CA";"g"
"uk";"zz";"d"
"us";"MT";"z"
"us";"MN";"c"
"us";"MT";"f"
"us";"MT";"b"
"us";"OH";"c"
"ca";"BC";"a"
"au";"zz";"c"
"bg";"zz";"c"
"au";"zz";"i"
"us";"IN";"g"
"us";"MT";"g"
"us";"SC";"f"
"ca";"QC";"i"
"au";"zz";"e"
"us";"SC";"e"
"us";"OK";"b"
"us";"KT";"d"
"us";"WA";"z"
"us";"FL";"b"
"us";"NC";"b"
"us";"TX";"g"
"us";"PA";"c"
"br";"zz";"e"
"us";"MT";"b"
"us";"IA";"b"
"az";"AZ";"z"
"us";"MA";"e"
"us";"NH";"c"
"us";"CA";"e"
"us";"TN";"a"
"us";"KT";"d"
"us";"OK";"b"
"au";"zz";"i"
"us";"NH";"d"
"uk";"zz";"d"
"us";"zz";"g"
"us";"CA";"d"
"us";"TX";"f"
"us";"OK";"h"
"zz";"zz";"z"
"us";"MD";"c"
"us";"IL";"b"
"ca";"ON";"b"
"us";"MI";"b"
"us";"MA";"c"
"us";"NV";"c"
"us";"CA";"f"
"us";"RI";"f"
"de";"zz";"a"
"us";"CT";"b"
"uk";"zz";"b"
"us";"CO";"e"
"us";"WI";"c"
"au";"zz";"i"
"us";"LA";"e"
"us";"VA";"i"
"us";"CA";"b"
"pl";"zz";"h"
"pr";"zz";"g"
"us";"MA";"c"
"es";"zz";"i"
"us";"MD";"d"
"us";"OH";"e"
"ca";"zz";"g"
"zz";"zz";"z"
"us";"OH";"b"
"ca";"ON";"g"
"us";"TX";"i"
"us";"CA";"g"
"ae";"zz";"i"
"us";"WA";"d"
"us";"SC";"c"
"us";"TX";"i"
"pr";"zz";"g"
"us";"MA";"c"
"us";"OH";"b"
"us";"NH";"e"
"us";"WA";"a"
"us";"LA";"g"
"zz";"zz";"z"
"us";"AZ";"f"
"zz";"zz";"d"
"us";"NY";"b"
"us";"CO";"g"
"us";"CO";"h"
"us";"SC";"i"
"zz";"zz";"z"
"us";"LA";"g"
"us";"PA";"b"
"us";"MI";"e"
"us";"OK";"h"
"us";"CA";"i"
"us";"MI";"f"
"us";"IA";"g"
"us";"IA";"g"
"us";"MD";"b"
"us";"ME";"c"
"us";"IN";"z"
"us";"CA";"i"
"cl";"zz";"i"
"zz";"zz";"z"
"us";"IL";"h"
"us";"WA";"b"
"us";"KT";"g"
"us";"GA";"i"
"nz";"zz";"d"
"us";"MT";"b"
"uk";"zz";"c"
"us";"FL";"c"
"us";"MI";"e"
"se";"zz";"g"
"bo";"MN";"d"
"us";"IN";"b"
"zz";"zz";"z"
"ca";"AB";"c"
"us";"NY";"e"
"us";"FL";"g"
"zz";"zz";"g"
"us";"NU";"a"
"ca";"ON";"g"
"us";"AR";"e"
"us";"MI";"b"
"uk";"zz";"a"
"br";"zz";"a"
"us";"PA";"d"
"us";"FL";"b"
"us";"AL";"d"
"us";"CA";"d"
"us";"RI";"b"
"us";"MD";"a"
"us";"FL";"b"
"us";"MI";"a"
"us";"AL";"b"
"us";"PA";"b"
"us";"RI";"b"
"us";"CA";"f"
"us";"PA";"i"
"tt";"zz";"a"
"us";"TX";"i"
"us";"NJ";"z"
"us";"WV";"a"
"us";"MN";"d"
"us";"WI";"d"
"us";"OK";"e"
"de";"zz";"i"
"us";"CA";"h"
"us";"NC";"d"
"us";"NY";"a"
"uk";"zz";"i"
"us";"TX";"g"
"us";"TX";"i"
"us";"IL";"e"
"uk";"zz";"h"
"us";"TN";"c"
"us";"OH";"e"
"nl";"zz";"f"
"us";"FL";"z"
"ca";"ON";"c"
"us";"AL";"c"
"au";"zz";"a"
"us";"TX";"z"
"us";"FL";"g"
"uk";"zz";"c"
"us";"UT";"i"
"us";"WA";"e"
"uk";"zz";"c"
"us";"AK";"h"
"us";"MI";"a"
"ec";"zz";"c"
"us";"OH";"a"
"us";"WA";"c"
"us";"MT";"c"
"us";"CA";"e"
"zz";"zz";"z"
"us";"FL";"d"
"us";"AL";"i"
"us";"CA";"c"
"au";"zz";"e"
"us";"ME";"b"
"us";"MN";"i"
"us";"ME";"b"
"ca";"AB";"f"
"ar";"zz";"i"
"us";"TX";"g"
"se";"zz";"g"
"us";"NH";"d"
"us";"MN";"g"
"au";"zz";"i"
"qa";"zz";"i"
"us";"PA";"a"
"us";"CA";"z"
"us";"WA";"z"
"us";"AR";"c"
"uk";"zz";"b"
"us";"FL";"e"
"fr";"zz";"e"
"us";"PA";"d"
"us";"TX";"d"
"us";"IL";"z"
"us";"CO";"c"
"fi";"zz";"e"
"us";"FL";"g"
"us";"MD";"a"
"ca";"ON";"i"
"us";"FL";"g"
"uk";"zz";"g"
"uk";"zz";"e"
"es";"zz";"g"
"us";"DE";"b"
"mu";"zz";"d"
"us";"KT";"c"
"us";"NH";"b"
"us";"CA";"e"
"us";"MA";"c"
"us";"OR";"b"
"us";"IN";"d"
"us";"NE";"a"
"us";"FL";"g"
"us";"MI";"i"
"us";"CA";"e"
"us";"CA";"g"
"jp";"zz";"i"
"us";"CA";"g"
"us";"OH";"z"
"us";"MI";"h"
"ca";"ON";"g"
"us";"IL";"d"
"zz";"zz";"z"
"us";"SC";"d"
"us";"CA";"b"
"us";"CO";"e"
"au";"zz";"e"
"us";"CA";"d"
"uk";"zz";"i"
"za";"zz";"h"
"us";"MD";"e"
"us";"IN";"b"
"pt";"zz";"d"
"fr";"zz";"d"
"us";"OR";"a"
"id";"zz";"i"
"us";"CT";"a"
"zz";"zz";"z"
"us";"AZ";"a"
"xx";"zz";"b"
"gg";"zz";"c"
"us";"FL";"c"
"us";"VA";"b"
"us";"VA";"e"
"us";"MO";"g"
"bg";"zz";"c"
"fi";"zz";"e"
"us";"FL";"a"
"us";"RI";"b"
"us";"KS";"f"
"bh";"zz";"a"
"us";"TX";"b"
"hu";"zz";"b"
"ca";"zz";"f"
"us";"AR";"g"
"se";"zz";"e"
"us";"zz";"d"
"se";"zz";"a"
"us";"GA";"c"
"us";"MD";"b"
"us";"CT";"c"
"ca";"AB";"i"
"us";"GA";"b"
"us";"FL";"c"
"ca";"AB";"a"
"us";"zz";"f"
"us";"WA";"b"
"uk";"zz";"e"
"us";"CA";"f"
"ee";"zz";"b"
"si";"zz";"g"
"br";"zz";"i"
"ca";"NL";"g"
"ca";"zz";"f"
"ca";"ON";"e"
"ca";"ON";"h"
"us";"TX";"g"
"us";"IL";"i"
"us";"IN";"b"
"zz";"zz";"z"
"at";"zz";"b"
"rs";"zz";"i"
"ca";"BC";"g"
"us";"CO";"g"
"ca";"ON";"d"
"us";"IN";"a"
"us";"IL";"b"
"us";"MS";"c"
"uk";"zz";"e"
"ca";"ON";"e"
"us";"TX";"b"
"us";"AZ";"b"
"us";"OH";"d"
"us";"KT";"h"
"us";"MI";"d"
"hk";"zz";"i"
"ch";"zz";"d"
"us";"NC";"b"
"us";"WA";"g"
"uk";"zz";"a"
"ca";"MB";"h"
"us";"TX";"e"
"us";"FL";"z"
"fi";"zz";"e"
"us";"FL";"e"
"us";"HI";"a"
"us";"zz";"i"
"us";"ID";"d"
"us";"FL";"i"
"ca";"BC";"f"
"us";"CA";"c"
"us";"AZ";"g"
"uk";"zz";"a"
"us";"GA";"d"
"us";"UT";"b"
"us";"MT";"b"
"us";"TN";"g"
"us";"NC";"i"
"us";"WI";"h"
"uk";"zz";"b"
"au";"zz";"z"
"zz";"zz";"z"
"uk";"zz";"b"
"us";"PA";"d"
"uk";"zz";"d"
"us";"PA";"c"
"us";"MA";"h"
"us";"CA";"f"
"zz";"zz";"z"
"us";"LA";"g"
"de";"zz";"g"
"us";"AL";"d"
"us";"WA";"e"
"us";"KT";"a"
"us";"ID";"a"
"us";"WI";"b"
"us";"VT";"a"
"us";"TX";"c"
"us";"FL";"d"
"nz";"zz";"e"
"us";"WI";"g"
"ca";"zz";"z"
"us";"MS";"b"
"us";"CA";"g"
"us";"AZ";"f"
"us";"IA";"z"
"us";"NY";"z"
"se";"zz";"a"
"us";"LA";"d"
"us";"PA";"b"
"us";"TX";"d"
"us";"CA";"f"
"ca";"zz";"c"
"us";"GA";"z"
"us";"CA";"c"
"us";"NC";"b"
"us";"IN";"g"
"uk";"zz";"g"
"us";"MI";"b"
"us";"MI";"a"
"ca";"ON";"g"
"us";"FL";"f"
"uk";"zz";"d"
"us";"FL";"b"
"uk";"zz";"h"
"ca";"ON";"z"
"us";"CA";"b"
"us";"UT";"g"
"ca";"NB";"d"
"us";"IL";"b"
"us";"KS";"d"
"mx";"zz";"g"
"us";"CA";"f"
"uk";"zz";"c"
"us";"ID";"a"
"us";"CA";"g"
"us";"ME";"e"
"us";"SC";"z"
"us";"CA";"f"
"us";"ID";"e"
"cl";"zz";"f"
"us";"IL";"b"
"us";"FL";"b"
"uk";"zz";"e"
"zz";"zz";"z"
"us";"WA";"c"
"uk";"zz";"e"
"zz";"zz";"z"
"us";"GA";"z"
"us";"AL";"e"
"uk";"zz";"i"
"us";"TX";"g"
"us";"TX";"d"
"us";"WA";"g"
"us";"AK";"c"
"us";"TX";"i"
"us";"MA";"e"
"ca";"ON";"z"
"us";"AZ";"c"
"bg";"zz";"e"
"us";"IL";"e"
"us";"AZ";"c"
"us";"VA";"g"
"us";"CT";"b"
"au";"zz";"b"
"us";"NC";"d"
"us";"KT";"d"
"us";"FL";"e"
"us";"CA";"b"
"us";"TN";"b"
"us";"TX";"e"
"us";"AK";"e"
"us";"CA";"d"
"us";"MO";"a"
"us";"MN";"e"
"us";"CA";"b"
"at";"zz";"c"
"us";"zz";"e"
"us";"IL";"g"
"us";"TX";"b"
"us";"FL";"e"
"us";"NY";"b"
"zz";"zz";"z"
"ca";"ON";"g"
"us";"WI";"c"
"fi";"zz";"c"
"us";"NJ";"c"
"us";"NY";"c"
"us";"NM";"h"
"us";"VA";"i"
"uk";"zz";"g"
"us";"RI";"e"
"fr";"zz";"c"
"us";"TX";"f"
"us";"NE";"e"
"us";"MA";"e"
"us";"NC";"c"
"ca";"NL";"d"
"nz";"zz";"a"
"ca";"AB";"g"
"us";"GA";"c"
"us";"ME";"b"
"us";"AZ";"z"
"us";"CA";"e"
"uk";"zz";"b"
"us";"CA";"d"
"us";"NV";"d"
"us";"WA";"f"
"us";"CA";"a"
"ca";"NB";"a"
"hu";"zz";"i"
"us";"WA";"b"
"au";"zz";"i"
"ca";"ON";"b"
"ca";"ON";"c"
"us";"MA";"g"
"au";"zz";"d"
"ca";"zz";"c"
"us";"OH";"c"
"us";"OK";"g"
"ca";"QC";"i"
"us";"TX";"g"
"us";"MO";"d"
"us";"NY";"b"
"us";"CA";"z"
"fi";"zz";"d"
"us";"MA";"c"
"us";"NV";"h"
"us";"OH";"c"
"us";"OK";"c"
"us";"OK";"c"
"us";"NY";"a"
"us";"OH";"d"
"us";"AR";"f"
"us";"CA";"e"
"ie";"zz";"e"
"zz";"zz";"z"
;;
"zz";"FL";"z"
"us";"MI";"a"
"us";"FL";"a"
"us";"MN";"e"
"us";"NY";"b"
"ca";"ON";"i"
"us";"CA";"h"
"us";"DE";"d"
"fi";"zz";"c"
"zz";"zz";"z"
"us";"ND";"b"
"us";"NJ";"c"
"uk";"zz";"a"
"zz";"zz";"z"
"ca";"ON";"h"
"us";"CA";"a"
"us";"AK";"a"
"us";"NV";"i"
"uk";"zz";"c"
"us";"FL";"h"
"us";"TX";"b"
"us";"MI";"c"
"us";"CA";"f"
"nl";"zz";"f"
"us";"CT";"e"
"us";"OH";"b"
"us";"MO";"g"
"us";"NH";"b"
"us";"FL";"b"
"us";"WA";"d"
"us";"CA";"c"
"au";"zz";"b"
"us";"zz";"a"
"nz";"zz";"d"
"us";"CT";"d"
"us";"OH";"c"
"us";"VA";"b"
"us";"AK";"a"
"br";"zz";"h"
"us";"NH";"d"
"zz";"zz";"f"
"us";"AL";"i"
"us";"AZ";"b"
"ca";"QC";"d"
"us";"KS";"e"
"us";"CA";"i"
"us";"CA";"b"
"us";"TX";"f"
"us";"MD";"e"
"ca";"ON";"d"
"ca";"AB";"i"
"us";"MO";"f"
"ae";"zz";"i"
"us";"MD";"b"
"us";"VA";"a"
"us";"KS";"f"
"us";"zz";"f"
"ca";"BC";"h"
"us";"WV";"c"
"au";"zz";"c"
"us";"WI";"c"
"us";"FL";"g"
"us";"CA";"z"
"us";"NC";"g"
"au";"zz";"e"
"us";"NV";"i"
"us";"NY";"d"
"us";"CA";"f"
"us";"IN";"e"
"zz";"zz";"z"
"us";"NY";"b"
"us";"PA";"g"
"us";"WI";"e"
"us";"TX";"i"
"us";"TN";"b"
"us";"TN";"c"
"au";"zz";"i"
"us";"OK";"b"
"ca";"ON";"c"
"us";"TX";"c"
"nz";"zz";"b"
"us";"UT";"d"
"us";"IL";"c"
"za";"NL";"c"
"us";"KT";"b"
"fi";"zz";"h"
"ca";"QC";"i"
"nl";"zz";"c"
"us";"FL";"g"
"us";"TX";"z"
"us";"zz";"g"
"ca";"MB";"c"
"us";"ID";"f"
"zz";"zz";"z"
"us";"zz";"e"
"uk";"zz";"h"
"us";"PA";"d"
"sv";"zz";"c"
"us";"WA";"h"
"us";"OK";"f"
"us";"NV";"f"
"us";"AZ";"i"
"us";"zz";"b"
"us";"LA";"g"
"us";"AZ";"i"
"se";"zz";"i"
"us";"GA";"b"
"ph";"zz";"g"
"us";"CO";"f"
"us";"NV";"i"
"us";"CA";"i"
"us";"zz";"b"
"ca";"zz";"a"
"us";"NJ";"a"
"uk";"zz";"z"
"us";"TN";"a"
"us";"TX";"c"
"us";"WA";"b"
"us";"PA";"d"
"us";"CO";"g"
"us";"CO";"i"
"us";"FL";"z"
"us";"CO";"b"
"us";"CO";"i"
"fi";"zz";"g"
"no";"zz";"b"
"us";"MI";"d"
"us";"CT";"c"
"uk";"zz";"c"
"us";"PA";"d"
"us";"OK";"d"
"id";"zz";"i"
"us";"OR";"a"
"us";"MO";"e"
"us";"CA";"f"
"us";"CA";"f"
"uk";"zz";"i"
"qa";"zz";"i"
"us";"VT";"e"
"fi";"zz";"d"
"gr";"zz";"c"
"ca";"ON";"b"
"au";"zz";"h"
"de";"zz";"i"
"us";"WA";"i"
"us";"MO";"d"
"us";"MI";"e"
"us";"MO";"e"
"de";"zz";"h"
"us";"PA";"a"
"us";"MI";"a"
"us";"CA";"a"
"au";"zz";"e"
"us";"DE";"c"
"us";"CA";"h"
"us";"CO";"b"
"us";"AZ";"f"
"se";"zz";"h"
"au";"zz";"i"
"ca";"ON";"b"
"us";"NC";"f"
"us";"WA";"c"
"us";"PA";"b"
"uk";"zz";"a"
"us";"TN";"h"
"us";"OR";"e"
"ca";"BC";"d"
"ca";"AB";"d"
"ca";"BC";"g"
"us";"zz";"a"
"au";"zz";"z"
"us";"PA";"f"
"us";"CA";"g"
"us";"WA";"i"
"us";"GA";"b"
"us";"PA";"a"
"au";"zz";"f"
"sg";"zz";"c"
"us";"CA";"e"
"uk";"zz";"g"
"au";"zz";"e"
"us";"OH";"e"
"us";"zz";"d"
"us";"CO";"h"
"dk";"zz";"e"
"us";"IL";"g"
"ca";"AB";"a"
"us";"VT";"e"
"us";"AZ";"h"
"us";"AZ";"c"
"us";"GA";"d"
"us";"CA";"b"
"us";"FL";"i"
"us";"CO";"g"
"us";"AZ";"i"
"us";"CO";"c"
"us";"CT";"d"
"us";"OH";"d"
"us";"NE";"f"
"us";"VA";"b"
"us";"NE";"g"
"us";"TX";"c"
"us";"IA";"a"
"us";"PA";"e"
"us";"CO";"g"
"us";"TX";"g"
"zz";"zz";"z"
"us";"MO";"c"
"us";"IL";"i"
"us";"SC";"e"
"ca";"NB";"d"
"fi";"zz";"b"
"us";"CA";"f"
"zz";"zz";"z"
"us";"zz";"e"
"pl";"zz";"z"
"us";"CA";"h"
"uk";"zz";"f"
"us";"WA";"b"
"uk";"zz";"a"
"pt";"zz";"e"
"zz";"zz";"z"
"us";"AZ";"i"
"uk";"zz";"d"
"us";"IL";"f"
"ca";"ON";"d"
"us";"NM";"b"
"us";"IL";"f"
"us";"IN";"a"
"uk";"zz";"f"
"pl";"zz";"e"
"us";"MI";"b"
"us";"NJ";"d"
"ca";"SK";"a"
"us";"GA";"c"
"no";"YT";"f"
"us";"FL";"d"
"si";"zz";"b"
"uk";"zz";"a"
"us";"CA";"c"
"us";"MS";"d"
"us";"AL";"b"
"ar";"zz";"b"
"us";"CO";"c"
"us";"WA";"z"
"us";"WA";"g"
"uk";"zz";"d"
"pr";"zz";"a"
"us";"MN";"e"
"us";"CT";"b"
"uk";"FL";"a"
"us";"zz";"f"
"us";"zz";"a"
"ca";"ON";"a"
"uk";"zz";"g"
"us";"OK";"z"
"ca";"AB";"f"
"us";"WY";"f"
"us";"MO";"f"
"us";"MI";"c"
"cz";"zz";"b"
"uk";"zz";"a"
"us";"CO";"g"
"us";"PA";"d"
"us";"AK";"a"
"ca";"BC";"c"
"us";"MD";"b"
"us";"OH";"b"
"ca";"ON";"d"
"ca";"BC";"i"
"uk";"zz";"c"
"uk";"zz";"b"
"au";"zz";"d"
"uk";"zz";"e"
"us";"AZ";"b"
"us";"FL";"d"
"us";"IA";"d"
"uk";"zz";"d"
"us";"TX";"e"
"uk";"zz";"i"
"uk";"zz";"f"
"at";"zz";"c"
"de";"zz";"c"
"us";"zz";"e"
"ca";"QC";"b"
"us";"MO";"e"
"us";"NC";"g"
"us";"VA";"b"
"us";"TX";"g"
"us";"WA";"f"
"us";"CO";"b"
"us";"IL";"f"
"us";"OH";"d"
"us";"IL";"b"
"us";"FL";"i"
"us";"OH";"e"
"us";"KT";"b"
"us";"WA";"i"
"us";"AL";"a"
"us";"TX";"b"
"us";"KT";"e"
"au";"zz";"a"
"us";"OH";"b"
"us";"GA";"d"
"uk";"zz";"b"
"us";"CO";"g"
"cl";"zz";"g"
"us";"TN";"b"
"ca";"AB";"d"
"us";"OR";"z"
"us";"NY";"a"
"us";"FL";"i"
"us";"OH";"g"
"us";"OH";"c"
"us";"TX";"z"
"us";"WA";"z"
"us";"TX";"i"
"us";"GA";"d"
"us";"AR";"e"
"us";"FL";"f"
"us";"AK";"g"
"us";"IN";"a"
"us";"CA";"g"
"us";"CA";"e"
"uk";"zz";"e"
"us";"AL";"b"
"us";"CA";"g"
"us";"NY";"c"
"us";"OK";"c"
"fi";"zz";"d"
"us";"OH";"a"
"zz";"zz";"c"
"ca";"SK";"e"
"us";"NE";"c"
"us";"MA";"a"
"us";"NJ";"d"
"us";"NJ";"f"
"ca";"ON";"g"
"uk";"zz";"c"
"us";"ND";"b"
"zz";"zz";"z"
"ca";"AB";"i"
"us";"NC";"e"
"uk";"zz";"f"
"us";"SC";"b"
"us";"MN";"f"
"us";"FL";"b"
"us";"PA";"b"
"us";"CA";"i"
"us";"CA";"e"
"us";"VA";"z"
"us";"FL";"e"
"se";"zz";"a"
"ru";"zz";"e"
"us";"PA";"b"
"us";"LA";"i"
"zz";"zz";"b"
"us";"MT";"b"
"us";"NJ";"g"
"us";"IA";"c"
"uk";"zz";"c"
"us";"UT";"d"
"us";"OK";"h"
"us";"IL";"e"
"us";"zz";"a"
"us";"CT";"d"
"us";"ID";"h"
"us";"NV";"g"
"us";"WV";"e"
"us";"MI";"d"
"us";"CO";"c"
"au";"zz";"a"
"cz";"zz";"z"
"us";"NY";"g"
"do";"zz";"b"
"us";"MD";"f"
"zz";"zz";"z"
"us";"FL";"c"
"us";"FL";"b"
"nl";"zz";"f"
"us";"zz";"b"
"us";"MD";"z"
"us";"CO";"g"
"us";"OH";"e"
"us";"CO";"e"
"us";"WA";"e"
"us";"NC";"g"
"us";"MS";"z"
"hr";"zz";"c"
"us";"NE";"g"
"us";"PA";"g"
"us";"zz";"a"
"bg";"zz";"a"
"us";"KS";"d"
"us";"VA";"f"
"us";"WA";"b"
"hr";"zz";"d"
"us";"VA";"d"
"us";"CA";"e"
"us";"GA";"d"
"ca";"NB";"e"
"us";"NC";"b"
"us";"AZ";"b"
"us";"CA";"c"
"us";"NM";"e"
"au";"zz";"b"
"ru";"zz";"g"
"us";"OR";"g"
"us";"AZ";"b"
"us";"WV";"b"
"us";"FL";"b"
"us";"OH";"c"
"us";"PA";"b"
"us";"WA";"g"
"us";"TX";"b"
"br";"zz";"d"
"us";"LA";"c"
"us";"MN";"e"
"us";"TX";"b"
"us";"OH";"z"
"us";"TX";"e"
"us";"FL";"g"
"us";"WA";"h"
"uk";"zz";"i"
"us";"ME";"b"
"us";"AZ";"h"
"us";"FL";"i"
"au";"zz";"d"
"us";"IL";"d"
"us";"SC";"b"
"uk";"zz";"i"
"us";"AL";"d"
"gr";"zz";"d"
"ro";"zz";"e"
"br";"zz";"i"
"us";"OR";"f"
"us";"MA";"c"
"us";"OK";"b"
"us";"CA";"i"
"ie";"zz";"a"
"us";"KT";"b"
"us";"FL";"z"
"uk";"zz";"g"
"it";"zz";"e"
"uk";"zz";"h"
"us";"CT";"f"
"ca";"ON";"d"
"us";"TX";"b"
"us";"CA";"h"
"ca";"AB";"i"
"us";"SC";"c"
"us";"WA";"d"
"us";"NC";"e"
"us";"OH";"c"
"us";"PA";"b"
"us";"MD";"c"
"us";"NJ";"a"
"us";"AL";"a"
"us";"GA";"b"
"us";"NY";"e"
"us";"ID";"c"
"zz";"zz";"f"
"us";"MD";"b"
